player_id,full_name,position,GW,gameweek_points,value,avg_score_last_1,avg_score_last_3,ict_last_1,ict_last_3,avg_mins_last_1,avg_mins_last_3,xG_last_1,xG_last_3,xA_last_1,xA_last_3,clean_sheets_last_1,clean_sheets_last_3,fixture_difficulty,model_pred
1,Fábio Ferreira Vieira,MID,10,0,54,0.0,0.0,0.0,0.0,0.0,0.0,0.0,0.0,0.0,0.0,0.0,0.0,4,1.4253199
2,Gabriel Fernando de Jesus,FWD,10,1,68,0.0,0.6666666666666666,2.3,7.900000000000001,5.0,24.666666666666668,0.18,0.56,0.0,0.06,0.0,0.0,4,2.022955
3,Gabriel dos Santos Magalhães,DEF,10,2,62,1.0,1.3333333333333333,0.5,5.6999999999999975,53.0,77.66666666666667,0.0,0.22,0.0,0.04,0.0,0.0,4,2.2613053
4,Kai Havertz,FWD,10,1,81,2.0,4.0,4.7,19.9,90.0,90.0,0.17,0.98,0.47,0.53,0.0,0.0,4,2.6668258
5,Karl Hein,GK,10,0,40,0.0,0.0,0.0,0.0,0.0,0.0,0.0,0.0,0.0,0.0,0.0,0.0,4,2.217933
6,Jurriën Timber,DEF,10,1,55,2.0,0.6666666666666666,2.8,2.8,75.0,25.0,0.0,0.0,0.02,0.02,0.0,0.0,4,2.2396894
7,Jorge Luiz Frello Filho,MID,10,0,48,0.0,0.6666666666666666,0.0,2.5,0.0,20.0,0.0,0.04,0.0,0.14,0.0,0.0,4,1.3967923
8,Jakub Kiwior,DEF,10,0,48,1.0,0.6666666666666666,0.6,1.2,36.0,26.666666666666668,0.0,0.0,0.0,0.0,0.0,0.0,4,2.2075999
9,Gabriel Martinelli Silva,MID,10,2,70,2.0,3.0,3.9,14.2,84.0,46.666666666666664,0.06,0.8899999999999999,0.39,0.44,0.0,0.0,4,2.7036748
10,Reiss Nelson,MID,10,2,50,1.0,2.0,2.6,9.5,22.0,19.0,0.0,0.0,0.04,0.32,0.0,0.0,2,2.0692084
11,Eddie Nketiah,FWD,10,2,59,1.0,1.3333333333333333,0.9,12.8,23.0,59.333333333333336,0.0,0.32,0.01,0.08,0.0,0.0,2,3.6653767
12,Ethan Nwaneri,MID,10,1,45,1.0,0.6666666666666666,0.4,0.5,5.0,4.666666666666667,0.0,0.0,0.0,0.0,0.0,0.0,4,1.2337515
13,Martin Ødegaard,MID,10,0,82,0.0,0.0,0.0,0.0,0.0,0.0,0.0,0.0,0.0,0.0,0.0,0.0,4,2.09316
14,Aaron Ramsdale,GK,10,9,44,4.0,2.3333333333333335,4.1,7.8,90.0,90.0,0.0,0.0,0.0,0.01,0.0,0.0,2,3.2082956
15,David Raya Martin,GK,10,3,56,0.0,1.0,2.0,4.0,90.0,90.0,0.0,0.0,0.0,0.0,0.0,0.0,4,3.0823648
16,Declan Rice,MID,10,2,63,5.0,3.0,7.2,21.2,90.0,90.0,0.0,0.14,0.2,0.55,0.0,0.0,4,3.0847487
17,Bukayo Saka,MID,10,2,101,9.0,8.333333333333334,5.9,30.6,84.0,58.0,0.23,0.5399999999999999,0.01,0.94,0.0,0.0,4,7.3551307
18,William Saliba,DEF,10,2,60,0.0,-0.3333333333333333,0.0,1.9,0.0,39.666666666666664,0.0,0.0,0.0,0.03,0.0,0.0,4,2.1815617
19,Emile Smith Rowe,MID,10,2,57,6.0,2.6666666666666665,4.4,6.2,78.0,60.666666666666664,0.34,0.34,0.02,0.04,1.0,1.0,2,3.4244566
20,Thomas Partey,MID,10,2,50,2.0,2.0,3.0,8.8,90.0,87.66666666666667,0.0,0.16,0.02,0.1,0.0,0.0,4,2.374598
21,Kieran Tierney,DEF,10,0,43,0.0,0.0,0.0,0.0,0.0,0.0,0.0,0.0,0.0,0.0,0.0,0.0,4,1.4575268
22,Tomiyasu Takehiro,DEF,10,0,48,0.0,0.3333333333333333,0.0,1.0,0.0,2.0,0.0,0.18,0.0,0.0,0.0,0.0,4,1.8298887
23,Leandro Trossard,MID,10,2,69,2.0,2.0,1.3,8.5,90.0,61.0,0.0,0.0,0.04,0.12,0.0,1.0,4,2.5267246
24,Benjamin White,DEF,10,1,63,4.0,1.3333333333333333,4.4,5.6000000000000005,90.0,60.0,0.0,0.0,0.01,0.02,0.0,0.0,4,2.1530077
25,Oleksandr Zinchenko,DEF,10,1,48,0.0,0.0,0.0,0.0,0.0,0.0,0.0,0.0,0.0,0.0,0.0,0.0,4,1.8311131
26,Álex Moreno Lopera,DEF,10,9,44,1.0,3.0,2.5,10.3,71.0,76.33333333333333,0.0,0.06,0.02,0.1999999999999999,0.0,1.0,2,3.2328203
27,Cameron Archer,FWD,10,2,50,2.0,6.0,1.2,17.7,86.0,72.0,0.1,1.1800000000000004,0.05,0.05,0.0,0.0,2,3.4557743
28,Leon Bailey,MID,10,1,63,4.0,2.6666666666666665,2.9,8.0,19.0,47.0,0.0,0.05,0.16,0.27,0.0,1.0,4,1.9754763
29,Ross Barkley,MID,10,0,52,5.0,2.6666666666666665,10.5,16.6,45.0,50.0,0.52,0.63,0.01,0.09,0.0,1.0,4,2.7124581
30,Enzo Barrenechea,MID,10,0,49,0.0,0.0,0.0,0.0,0.0,0.0,0.0,0.0,0.0,0.0,0.0,0.0,4,1.3873098
31,Emiliano Buendía Stati,MID,10,0,53,0.0,0.3333333333333333,0.0,0.2999999999999999,0.0,2.3333333333333335,0.0,0.0,0.0,0.0,0.0,0.0,4,1.5111547
32,Matty Cash,DEF,10,1,44,1.0,3.0,3.2,5.800000000000001,90.0,90.0,0.0,0.03,0.14,0.15,0.0,1.0,4,1.6094868
33,Leander Dendoncker,MID,10,0,45,0.0,0.0,0.0,0.0,0.0,0.0,0.0,0.0,0.0,0.0,0.0,0.0,4,1.2162588
34,Moussa Diaby,MID,10,0,65,0.0,0.0,0.0,0.0,0.0,0.0,0.0,0.0,0.0,0.0,0.0,0.0,4,1.908777
35,Diego Carlos Santos Silva,DEF,10,0,45,0.0,2.6666666666666665,0.0,3.1,0.0,56.0,0.0,0.0,0.0,0.02,0.0,1.0,4,1.6331321
36,Lucas Digne,DEF,10,0,47,7.0,6.333333333333333,4.1,11.3,70.0,81.33333333333333,0.0,0.27,0.41,0.53,1.0,2.0,4,2.4588335
37,Lewis Dobbin,MID,10,0,50,0.0,0.0,0.0,0.0,0.0,0.0,0.0,0.0,0.0,0.0,0.0,0.0,4,1.4253199
38,Jhon Durán,FWD,10,1,61,1.0,1.0,2.9,4.6,33.0,25.0,0.29,0.31,0.0,0.04,0.0,0.0,4,2.2935283
39,Joe Gauci,GK,10,0,40,0.0,0.0,0.0,0.0,0.0,0.0,0.0,0.0,0.0,0.0,0.0,0.0,4,2.217933
40,Kortney Hause,DEF,10,0,40,0.0,0.0,0.0,0.0,0.0,0.0,0.0,0.0,0.0,0.0,0.0,0.0,4,1.176117
41,Samuel Iling-Junior,MID,10,0,54,0.0,0.0,0.0,0.0,0.0,0.0,0.0,0.0,0.0,0.0,0.0,0.0,4,1.4253199
42,Boubacar Kamara,MID,10,1,50,1.0,0.3333333333333333,0.2,0.2,8.0,2.6666666666666665,0.0,0.0,0.0,0.0,0.0,0.0,4,1.4351542
43,Kaine Kesler-Hayden,DEF,10,0,40,0.0,0.0,0.0,0.0,0.0,0.0,0.0,0.0,0.0,0.0,0.0,0.0,4,1.176117
44,Ezri Konsa Ngoyo,DEF,10,0,45,2.0,1.0,4.1,4.1,90.0,33.666666666666664,0.07,0.07,0.11,0.11,0.0,0.0,4,2.302976
45,Ian Maatsen,DEF,10,0,47,1.0,0.6666666666666666,1.1,3.1,19.0,8.0,0.0,0.0,0.04,0.13,0.0,0.0,4,1.7954284
46,Filip Marschall,GK,10,0,40,0.0,0.0,0.0,0.0,0.0,0.0,0.0,0.0,0.0,0.0,0.0,0.0,4,2.217933
47,Emiliano Martínez Romero,GK,10,0,50,2.0,6.333333333333333,1.8,9.4,90.0,90.0,0.0,0.0,0.0,0.0,0.0,1.0,4,3.1529891
48,John McGinn,MID,10,2,52,2.0,1.0,1.8,3.4000000000000004,70.0,25.666666666666668,0.0,0.0,0.07,0.08,1.0,1.0,4,1.9434875
49,Tyrone Mings,DEF,10,0,44,0.0,0.0,0.0,0.0,0.0,0.0,0.0,0.0,0.0,0.0,0.0,0.0,4,1.5429472
50,Kosta Nedeljković,DEF,10,0,40,0.0,0.0,0.0,0.0,0.0,0.0,0.0,0.0,0.0,0.0,0.0,0.0,4,1.176117
51,Robin Olsen,GK,10,0,45,0.0,0.0,0.0,0.0,0.0,0.0,0.0,0.0,0.0,0.0,0.0,0.0,4,2.697478
52,Pau Torres,DEF,10,0,45,2.0,3.3333333333333335,3.3,5.8999999999999995,90.0,90.0,0.05,0.1699999999999999,0.01,0.04,0.0,1.0,4,2.0800924
53,Jacob Ramsey,MID,10,2,54,1.0,2.0,4.6,12.2,90.0,57.333333333333336,0.0,0.08,0.15,0.3299999999999999,0.0,0.0,4,3.16413
54,Morgan Rogers,MID,10,9,54,1.0,3.3333333333333335,1.9,11.9,56.0,76.0,0.08,0.78,0.08,0.29,0.0,1.0,4,2.3372324
55,Viljami Sinisalo,GK,10,0,40,0.0,0.0,0.0,0.0,0.0,0.0,0.0,0.0,0.0,0.0,0.0,0.0,4,2.217933
56,Lino da Cruz Sousa,DEF,10,0,40,0.0,0.0,0.0,0.0,0.0,0.0,0.0,0.0,0.0,0.0,0.0,0.0,4,1.176117
57,Youri Tielemans,MID,10,2,55,1.0,4.0,9.1,23.9,90.0,90.0,0.25,0.33,0.27,0.6499999999999999,0.0,1.0,4,2.380912
58,Ollie Watkins,FWD,10,2,91,2.0,4.0,8.7,19.4,81.0,81.66666666666667,0.35,0.82,0.23,0.29,1.0,2.0,4,4.4243712
59,Max Aarons,DEF,10,0,43,0.0,0.0,0.0,0.0,0.0,0.0,0.0,0.0,0.0,0.0,0.0,0.0,5,1.2810237
60,Tyler Adams,MID,10,0,49,1.0,0.3333333333333333,0.1,0.1,9.0,3.0,0.0,0.0,0.0,0.0,0.0,0.0,5,1.3390203
61,Jaidon Anthony,MID,10,0,45,0.0,0.0,0.0,0.0,0.0,0.0,0.0,0.0,0.0,0.0,0.0,0.0,5,1.1581349
62,David Brooks,MID,10,1,49,1.0,0.6666666666666666,0.2,2.2,9.0,6.0,0.0,0.0,0.0,0.26,0.0,0.0,5,1.3342327
63,Ryan Christie,MID,10,2,49,2.0,3.3333333333333335,2.1,11.999999999999998,80.0,60.0,0.0,0.25,0.07,0.12,0.0,0.0,5,2.331654
64,Lewis Cook,MID,10,2,50,2.0,2.3333333333333335,3.3,15.7,90.0,90.0,0.0,0.0,0.01,0.3699999999999999,0.0,1.0,5,1.93315
65,Enes Ünal,FWD,10,1,54,1.0,1.0,0.7,2.1,63.0,29.0,0.1,0.54,0.02,0.03,1.0,1.0,5,1.9531353
66,Romain Faivre,MID,10,0,50,0.0,0.0,0.0,0.0,0.0,0.0,0.0,0.0,0.0,0.0,0.0,0.0,5,1.3671961
67,Hamed Traorè,MID,10,0,45,0.0,0.0,0.0,0.0,0.0,0.0,0.0,0.0,0.0,0.0,0.0,0.0,5,1.1581349
68,James Hill,DEF,10,0,40,0.0,0.0,0.0,0.0,0.0,0.0,0.0,0.0,0.0,0.0,0.0,0.0,5,0.9996138
69,Daniel Jebbison,FWD,10,0,45,0.0,0.0,0.0,0.0,0.0,0.0,0.0,0.0,0.0,0.0,0.0,0.0,5,1.5096989
70,Milos Kerkez,DEF,10,10,44,2.0,3.6666666666666665,4.5,10.1,80.0,77.33333333333333,0.02,0.07,0.09,0.15,0.0,1.0,5,1.5016849
71,Justin Kluivert,MID,10,3,53,2.0,4.666666666666667,1.3,12.4,63.0,45.0,0.04,0.9300000000000002,0.01,0.0999999999999999,1.0,1.0,5,2.2018957
72,Chris Mepham,DEF,10,0,44,0.0,0.0,0.0,0.0,0.0,0.0,0.0,0.0,0.0,0.0,0.0,0.0,5,1.4618671
73,Norberto Murara Neto,GK,10,0,43,0.0,0.0,0.0,0.0,0.0,0.0,0.0,0.0,0.0,0.0,0.0,0.0,4,2.0858161
74,Dango Ouattara,MID,10,0,50,2.0,2.0,3.4,10.2,90.0,65.66666666666667,0.05,0.76,0.02,0.07,0.0,1.0,5,2.2084713
75,Alex Paulsen,GK,10,0,40,0.0,0.0,0.0,0.0,0.0,0.0,0.0,0.0,0.0,0.0,0.0,0.0,5,2.1494796
76,Philip Billing,MID,10,0,48,0.0,0.0,0.0,0.0,0.0,0.0,0.0,0.0,0.0,0.0,0.0,0.0,5,1.3670312
77,Alex Scott,MID,10,0,48,0.0,1.3333333333333333,0.0,7.5,0.0,29.666666666666668,0.0,0.0,0.0,0.12,0.0,1.0,5,1.5741183
78,Antoine Semenyo,MID,10,10,56,1.0,1.6666666666666667,4.2,15.8,90.0,90.0,0.02,0.92,0.03,0.15,0.0,1.0,5,2.374495
79,Marcos Senesi,DEF,10,2,48,2.0,4.0,2.9,9.4,90.0,90.0,0.0,0.12,0.05,0.1,0.0,1.0,5,1.9395318
80,Luis Sinisterra,MID,10,0,50,0.0,0.6666666666666666,0.0,5.700000000000001,0.0,18.0,0.0,0.03,0.0,0.59,0.0,0.0,5,1.9888291
81,Adam Smith,DEF,10,2,45,1.0,1.3333333333333333,1.7,2.9000000000000004,60.0,55.666666666666664,0.0,0.0,0.01,0.01,0.0,0.0,5,1.3799634
82,Dominic Solanke-Mitchell,FWD,10,16,76,2.0,3.0,2.3,8.3,90.0,86.66666666666667,0.02,0.1,0.01,0.3299999999999999,0.0,0.0,3,4.1364036
83,Marcus Tavernier,MID,10,2,55,3.0,2.6666666666666665,4.7,14.4,26.0,59.333333333333336,0.04,0.3799999999999999,0.07,0.16,0.0,1.0,5,2.3214197
84,Mark Travers,GK,10,3,44,5.0,1.6666666666666667,5.2,5.2,90.0,30.0,0.0,0.0,0.0,0.0,0.0,0.0,5,2.8756807
85,Illia Zabarnyi,DEF,10,2,44,2.0,3.3333333333333335,2.4,4.8,90.0,90.0,0.0,0.11,0.03,0.06,0.0,1.0,5,1.5662608
86,Kristoffer Ajer,DEF,10,0,45,0.0,0.0,0.0,3.0,0.0,60.0,0.0,0.0,0.0,0.04,0.0,0.0,3,1.489171
87,Ethan Brierley,MID,10,0,45,0.0,0.0,0.0,0.0,0.0,0.0,0.0,0.0,0.0,0.0,0.0,0.0,3,1.2215458
88,Nathan Collins,DEF,10,1,45,1.0,4.0,2.9,20.8,90.0,90.0,0.49,1.2,0.01,0.27,0.0,0.0,3,4.3265743
89,Mikkel Damsgaard,MID,10,3,50,2.0,5.666666666666667,8.8,28.5,76.0,85.33333333333333,0.33,0.41,0.32,1.29,0.0,0.0,3,2.9927762
90,Josh Dasilva,MID,10,0,48,0.0,0.0,0.0,0.0,0.0,0.0,0.0,0.0,0.0,0.0,0.0,0.0,3,1.4304421
91,Mark Flekken,GK,10,4,45,1.0,2.3333333333333335,2.3,10.9,90.0,90.0,0.0,0.0,0.0,0.0,0.0,0.0,3,2.4634087
92,Rico Henry,DEF,10,0,43,0.0,0.0,0.0,0.0,0.0,0.0,0.0,0.0,0.0,0.0,0.0,0.0,3,1.4721044
93,Aaron Hickey,DEF,10,0,44,0.0,0.0,0.0,0.0,0.0,0.0,0.0,0.0,0.0,0.0,0.0,0.0,3,1.5575248
94,Vitaly Janelt,MID,10,9,49,5.0,3.6666666666666665,5.8,16.4,90.0,84.66666666666667,0.0,0.1,0.17,0.49,0.0,0.0,3,3.4836211
95,Mathias Jensen,MID,10,1,53,1.0,0.3333333333333333,1.8,1.8,12.0,4.0,0.0,0.0,0.04,0.04,0.0,0.0,3,1.4322411
96,Kim Ji-soo,DEF,10,0,39,0.0,0.0,0.0,0.0,0.0,0.0,0.0,0.0,0.0,0.0,0.0,0.0,3,1.181404
97,Yunus Emre Konak,MID,10,0,45,0.0,0.3333333333333333,0.0,0.1,0.0,0.3333333333333333,0.0,0.15,0.0,0.0,0.0,0.0,3,1.3238746
98,Keane Lewis-Potter,MID,10,3,50,5.0,4.0,4.5,15.9,80.0,78.33333333333333,0.35,0.6599999999999999,0.5,0.8999999999999999,0.0,0.0,3,5.028868
99,Bryan Mbeumo,MID,10,3,78,15.0,8.333333333333334,13.1,31.1,90.0,90.0,0.91,1.78,0.38,0.72,0.0,0.0,3,6.670463
100,Ben Mee,DEF,10,0,43,0.0,0.0,0.0,0.0,0.0,0.0,0.0,0.0,0.0,0.0,0.0,0.0,3,1.4721044
101,Christian Nørgaard,MID,10,5,48,2.0,3.3333333333333335,2.1,14.3,77.0,81.0,0.29,0.7,0.01,0.06,0.0,0.0,3,2.8302875
102,Frank Onyeka,MID,10,0,49,0.0,0.0,0.0,0.0,0.0,0.0,0.0,0.0,0.0,0.0,0.0,0.0,3,1.3925968
103,Myles Peart-Harris,MID,10,0,45,0.0,0.0,0.0,0.0,0.0,0.0,0.0,0.0,0.0,0.0,0.0,0.0,3,1.2215458
104,Ethan Pinnock,DEF,10,1,45,1.0,5.0,6.0,28.4,90.0,90.0,0.0,0.61,0.2,0.33,0.0,0.0,3,2.6168914
105,Mads Roerslev Rasmussen,DEF,10,0,44,4.0,2.0,10.5,10.6,90.0,31.333333333333332,0.0,0.0,0.23,0.27,0.0,0.0,3,2.4820871
106,Kevin Schade,MID,10,1,52,1.0,1.6666666666666667,1.2,7.3,13.0,54.0,0.14,0.7700000000000001,0.0,0.01,0.0,0.0,3,2.726017
107,Igor Thiago Nascimento Rodrigues,FWD,10,0,59,0.0,0.0,0.0,0.0,0.0,0.0,0.0,0.0,0.0,0.0,0.0,0.0,3,1.8199856
108,Ivan Toney,FWD,10,0,73,0.0,0.0,0.0,0.0,0.0,0.0,0.0,0.0,0.0,0.0,0.0,0.0,3,2.6089432
109,Hákon Valdimarsson,GK,10,0,40,0.0,0.0,0.0,0.0,0.0,0.0,0.0,0.0,0.0,0.0,0.0,0.0,3,2.2843304
110,Yoane Wissa,FWD,10,2,60,10.0,3.6666666666666665,9.9,10.3,90.0,38.0,1.44,1.44,0.02,0.03,0.0,0.0,3,5.2902827
111,Yehor Yarmoliuk,MID,10,1,44,0.0,0.6666666666666666,0.0,0.7,0.0,9.333333333333334,0.0,0.0,0.0,0.02,0.0,0.0,3,1.2267888
112,Mathias Jorgensen,DEF,10,0,45,0.0,0.0,0.0,0.0,0.0,0.0,0.0,0.0,0.0,0.0,0.0,0.0,3,1.5575248
113,Simon Adingra,MID,10,1,54,0.0,0.0,0.0,0.0,0.0,0.0,0.0,0.0,0.0,0.0,0.0,0.0,5,1.3671961
114,Benicio Baker-Boaitey,MID,10,0,45,0.0,0.0,0.0,0.0,0.0,0.0,0.0,0.0,0.0,0.0,0.0,0.0,5,1.1581349
115,Carlos Baleba,MID,10,0,50,3.0,2.6666666666666665,6.4,10.999999999999998,79.0,74.0,0.08,0.08,0.04,0.06,1.0,2.0,5,2.4204795
116,Valentín Barco,DEF,10,0,40,0.0,0.0,0.0,0.0,0.0,0.0,0.0,0.0,0.0,0.0,0.0,0.0,5,0.9996138
117,Facundo Buonanotte,MID,10,1,51,2.0,6.333333333333333,7.5,31.4,90.0,87.0,0.12,1.7600000000000002,0.09,0.41,0.0,1.0,2,4.6580377
118,Amario Cozier-Duberry,MID,10,0,45,0.0,0.0,0.0,0.0,0.0,0.0,0.0,0.0,0.0,0.0,0.0,0.0,5,1.1581349
119,Mahmoud Dahoud,MID,10,0,49,0.0,0.0,0.0,0.0,0.0,0.0,0.0,0.0,0.0,0.0,0.0,0.0,5,1.329186
120,Lewis Dunk,DEF,10,0,45,0.0,2.3333333333333335,0.0,4.1,0.0,60.0,0.0,0.09,0.0,0.0,0.0,1.0,5,1.4749798
121,Julio Enciso,MID,10,0,54,1.0,1.0,0.1,3.6,1.0,8.666666666666666,0.0,0.01,0.0,0.03,0.0,0.0,5,1.4627197
122,Pervis Estupiñán,DEF,10,1,50,0.0,0.6666666666666666,6.5,10.6,90.0,51.0,0.04,0.04,0.08,0.16,0.0,0.0,5,2.1158607
123,Evan Ferguson,FWD,10,1,55,7.0,2.6666666666666665,5.0,5.9,17.0,25.333333333333332,0.08,0.08,0.0,0.0,0.0,0.0,5,2.4263
124,Billy Gilmour,MID,10,0,50,0.0,0.0,0.0,0.0,0.0,0.0,0.0,0.0,0.0,0.0,0.0,0.0,5,1.3671961
125,Pascal Groß,MID,10,0,65,0.0,0.0,0.0,0.0,0.0,0.0,0.0,0.0,0.0,0.0,0.0,0.0,5,1.662066
126,Jack Hinshelwood,MID,10,2,50,0.0,1.3333333333333333,0.0,3.5999999999999996,0.0,60.0,0.0,0.0699999999999999,0.0,0.0399999999999999,0.0,1.0,5,1.5813555
127,Ibrahim Osman,MID,10,0,50,0.0,0.0,0.0,0.0,0.0,0.0,0.0,0.0,0.0,0.0,0.0,0.0,5,1.3671961
128,Igor Julio dos Santos de Paulo,DEF,10,1,44,0.0,2.0,3.2,6.0,90.0,87.0,0.0,0.05,0.02,0.03,0.0,1.0,5,1.6891522
129,João Pedro Junqueira de Jesus,FWD,10,0,54,0.0,0.0,0.0,0.0,0.0,0.0,0.0,0.0,0.0,0.0,0.0,0.0,5,1.7402756
130,Kacper Kozłowski,MID,10,0,45,0.0,0.0,0.0,0.0,0.0,0.0,0.0,0.0,0.0,0.0,0.0,0.0,5,1.1581349
131,Tariq Lamptey,DEF,10,0,44,3.0,1.0,3.3,3.3,10.0,3.3333333333333335,0.0,0.0,0.03,0.03,0.0,0.0,5,1.3878988
132,Solly March,MID,10,0,65,0.0,0.0,0.0,0.0,0.0,0.0,0.0,0.0,0.0,0.0,0.0,0.0,5,1.662066
133,Adrian Mazilu,MID,10,0,45,0.0,0.0,0.0,0.0,0.0,0.0,0.0,0.0,0.0,0.0,0.0,0.0,5,1.1581349
134,James Milner,MID,10,0,50,0.0,0.0,0.0,0.0,0.0,0.0,0.0,0.0,0.0,0.0,0.0,0.0,5,1.3671961
135,Yankuba Minteh,MID,10,0,53,0.0,2.3333333333333335,0.0,6.999999999999999,0.0,28.666666666666668,0.0,0.27,0.0,0.02,0.0,0.0,5,1.7956926
136,Mitoma Kaoru,MID,10,2,65,2.0,2.6666666666666665,8.1,21.1,88.0,69.33333333333333,0.23,0.5499999999999999,0.19,0.4,0.0,0.0,5,2.6209288
137,Jakub Moder,MID,10,1,44,0.0,0.0,0.0,0.0,0.0,0.0,0.0,0.0,0.0,0.0,0.0,0.0,5,1.1581349
138,Mark O’Mahony,FWD,10,0,45,0.0,0.0,0.0,0.0,0.0,0.0,0.0,0.0,0.0,0.0,0.0,0.0,5,1.5096989
139,Odeluga Offiah,DEF,10,0,40,0.0,0.0,0.0,0.0,0.0,0.0,0.0,0.0,0.0,0.0,0.0,0.0,5,0.9996138
140,Cameron Peupion,MID,10,0,45,0.0,0.0,0.0,0.0,0.0,0.0,0.0,0.0,0.0,0.0,0.0,0.0,5,1.1581349
141,Jeremy Sarmiento Morante,MID,10,0,49,0.0,0.0,0.0,0.0,0.0,0.0,0.0,0.0,0.0,0.0,0.0,0.0,5,1.329186
142,Jason Steele,GK,10,0,43,0.0,0.0,0.0,0.0,0.0,0.0,0.0,0.0,0.0,0.0,0.0,0.0,5,2.0173628
143,Deniz Undav,FWD,10,0,55,0.0,0.0,0.0,0.0,0.0,0.0,0.0,0.0,0.0,0.0,0.0,0.0,5,1.8439866
144,Jan Paul van Hecke,DEF,10,1,45,1.0,0.6666666666666666,4.8,5.5,90.0,33.0,0.0,0.0,0.1,0.1,0.0,0.0,5,1.5571209
145,Joël Veltman,DEF,10,1,45,1.0,3.0,1.9,6.1,90.0,90.0,0.02,0.02,0.1,0.27,0.0,1.0,5,1.2876065
146,Bart Verbruggen,GK,10,3,45,2.0,4.0,4.6,10.5,90.0,90.0,0.0,0.0,0.0,0.0,0.0,1.0,5,2.6493547
147,Adam Webster,DEF,10,0,43,0.0,0.3333333333333333,0.0,0.5,0.0,2.6666666666666665,0.0,0.0,0.0,0.0,0.0,0.0,5,1.2423614
148,Danny Welbeck,FWD,10,5,59,7.0,8.0,8.1,25.0,72.0,80.66666666666667,0.63,2.1799999999999997,0.01,0.0399999999999999,1.0,2.0,5,4.073819
149,Mats Wieffer,MID,10,1,48,1.0,1.0,0.0,2.6999999999999997,10.0,15.0,0.0,0.14,0.0,0.0,0.0,0.0,5,1.4007267
150,Andrey Nascimento dos Santos,MID,10,0,45,0.0,0.0,0.0,0.0,0.0,0.0,0.0,0.0,0.0,0.0,0.0,0.0,3,1.2215458
151,Ângelo Gabriel Borges Damaceno,MID,10,0,45,0.0,0.0,0.0,0.0,0.0,0.0,0.0,0.0,0.0,0.0,0.0,0.0,3,1.2215458
152,Kepa Arrizabalaga,GK,10,0,45,0.0,2.6666666666666665,0.0,1.9,0.0,60.0,0.0,0.0,0.0,0.0,0.0,1.0,5,4.566079
153,Benoît Badiashile,DEF,10,0,43,0.0,0.3333333333333333,0.0,0.9,0.0,12.333333333333334,0.0,0.0,0.0,0.0,0.0,0.0,3,1.4719112
154,Lucas Bergström,GK,10,0,40,0.0,0.0,0.0,0.0,0.0,0.0,0.0,0.0,0.0,0.0,0.0,0.0,3,2.2843304
155,Marcus Bettinelli,GK,10,0,40,0.0,0.0,0.0,0.0,0.0,0.0,0.0,0.0,0.0,0.0,0.0,0.0,3,2.2843304
156,Armando Broja,FWD,10,0,54,0.0,0.0,0.0,0.0,0.0,0.0,0.0,0.0,0.0,0.0,0.0,0.0,2,2.1753535
157,Moisés Caicedo Corozo,MID,10,9,49,2.0,2.6666666666666665,4.8,12.9,90.0,90.0,0.08,0.1,0.04,0.42,0.0,0.0,3,3.0407622
158,Cesare Casadei,MID,10,0,45,0.0,0.0,0.0,0.0,0.0,0.0,0.0,0.0,0.0,0.0,0.0,0.0,3,1.2215458
159,Trevoh Chalobah,DEF,10,7,44,8.0,4.0,2.0,11.8,90.0,89.0,0.0,0.3,0.0,0.06,1.0,1.0,2,3.2667208
160,Ben Chilwell,DEF,10,0,47,0.0,0.0,0.0,0.0,0.0,0.0,0.0,0.0,0.0,0.0,0.0,0.0,3,1.8456907
161,Carney Chukwuemeka,MID,10,0,48,0.0,0.0,0.0,0.0,0.0,0.0,0.0,0.0,0.0,0.0,0.0,0.0,3,1.4304421
162,Levi Colwill,DEF,10,2,46,2.0,1.3333333333333333,2.1,4.9,90.0,90.0,0.0,0.0,0.01,0.03,0.0,0.0,3,2.5210283
163,Marc Cucurella Saseta,DEF,10,1,50,1.0,0.6666666666666666,0.0,1.4,12.0,34.0,0.0,0.0,0.0,0.02,0.0,0.0,3,2.2971973
164,David Datro Fofana,FWD,10,0,54,0.0,0.0,0.0,0.0,0.0,0.0,0.0,0.0,0.0,0.0,0.0,0.0,3,1.7162745
165,Deivid Washington de Souza Eugênio,FWD,10,0,50,0.0,0.0,0.0,0.0,0.0,0.0,0.0,0.0,0.0,0.0,0.0,0.0,3,1.9280045
166,Kiernan Dewsbury-Hall,MID,10,0,56,0.0,0.0,0.0,0.0,0.0,0.0,0.0,0.0,0.0,0.0,0.0,0.0,3,1.5407236
167,Axel Disasi,DEF,10,0,43,0.0,0.0,0.0,0.0,0.0,0.0,0.0,0.0,0.0,0.0,0.0,0.0,3,1.4721044
168,Enzo Fernández,MID,10,1,48,1.0,1.3333333333333333,1.7,9.8,18.0,45.0,0.0,0.12,0.0,0.17,0.0,0.0,3,1.9935374
169,Conor Gallagher,MID,10,0,59,0.0,0.0,0.0,0.0,0.0,0.0,0.0,0.0,0.0,0.0,0.0,0.0,3,1.5407236
170,Alfie Gilchrist,DEF,10,0,40,0.0,0.0,0.0,0.0,0.0,0.0,0.0,0.0,0.0,0.0,0.0,0.0,3,1.181404
171,Malo Gusto,DEF,10,0,49,2.0,1.6666666666666667,3.2,11.3,77.0,85.66666666666667,0.29,0.4499999999999999,0.03,0.18,0.0,0.0,3,2.7675304
172,Reece James,DEF,10,2,49,2.0,0.6666666666666666,3.5,4.3,90.0,47.333333333333336,0.0,0.0,0.04,0.05,0.0,0.0,3,2.4122655
173,Omari Kellyman,MID,10,0,44,0.0,0.0,0.0,0.0,0.0,0.0,0.0,0.0,0.0,0.0,0.0,0.0,3,1.2215458
174,Roméo Lavia,MID,10,2,45,4.0,1.6666666666666667,4.3,5.5,71.0,41.0,0.0,0.0,0.02,0.03,0.0,0.0,3,2.4378352
175,Romelu Lukaku Bolingoli,FWD,10,0,63,0.0,0.0,0.0,0.0,0.0,0.0,0.0,0.0,0.0,0.0,0.0,0.0,3,2.1401901
176,Malang Sarr,DEF,10,0,45,0.0,0.0,0.0,0.0,0.0,0.0,0.0,0.0,0.0,0.0,0.0,0.0,3,1.5575248
177,Noni Madueke,MID,10,2,65,1.0,4.333333333333333,8.7,30.0,66.0,76.66666666666667,0.08,0.43,0.18,0.4599999999999999,0.0,0.0,3,3.485005
178,Marc Guiu Paz,FWD,10,0,48,0.0,0.0,0.0,0.0,0.0,0.0,0.0,0.0,0.0,0.0,0.0,0.0,3,1.6851053
179,Mykhailo Mudryk,MID,10,1,62,1.0,0.6666666666666666,2.5,4.6,23.0,8.0,0.24,0.24,0.0,0.36,0.0,0.0,3,3.029777
180,Nicolas Jackson,FWD,10,1,79,9.0,5.666666666666667,8.6,19.299999999999997,77.0,82.33333333333333,0.56,1.3900000000000003,0.04,0.07,0.0,0.0,3,4.0722995
181,Christopher Nkunku,MID,10,0,59,0.0,0.6666666666666666,1.4,4.8999999999999995,12.0,11.666666666666666,0.17,0.98,0.02,0.04,0.0,0.0,3,1.8843786
182,Cole Palmer,MID,10,3,110,10.0,6.0,8.2,28.1,90.0,90.0,0.05,0.8200000000000001,0.26,0.53,0.0,0.0,3,6.250861
183,Đorđe Petrović,GK,10,0,44,0.0,0.0,0.0,0.0,0.0,0.0,0.0,0.0,0.0,0.0,0.0,0.0,3,2.6412566
184,Renato Palma Veiga,MID,10,0,45,0.0,0.0,0.0,0.7,0.0,12.333333333333334,0.0,0.12,0.0,0.14,0.0,0.0,3,1.3283216
185,Robert Sánchez,GK,10,3,47,1.0,2.3333333333333335,1.3,9.6,90.0,90.0,0.0,0.0,0.0,0.01,0.0,0.0,3,3.4521782
186,Raheem Sterling,MID,10,0,67,0.0,0.6666666666666666,0.0,5.7,0.0,31.666666666666668,0.0,0.33,0.0,0.02,0.0,0.0,4,2.486355
187,Tosin Adarabioyo,DEF,10,0,43,0.0,0.0,0.0,0.4,0.0,17.666666666666668,0.0,0.0,0.0,0.0,0.0,0.0,3,1.4719112
188,Lesley Ugochukwu,MID,10,1,45,0.0,0.0,0.0,0.0,0.0,0.0,0.0,0.0,0.0,0.0,0.0,0.0,2,1.388322
189,Wesley Fofana,DEF,10,2,45,1.0,0.6666666666666666,2.6,5.4,90.0,60.0,0.0,0.0,0.01,0.03,0.0,0.0,3,2.404724
190,Naouirou Ahamada,MID,10,0,45,0.0,0.0,0.0,0.0,0.0,0.0,0.0,0.0,0.0,0.0,0.0,0.0,2,1.388322
191,Joachim Andersen,DEF,10,2,43,0.0,-0.3333333333333333,0.0,3.200000000000001,0.0,51.0,0.0,0.0,0.0,0.02,0.0,0.0,2,1.9536108
192,Jordan Ayew,MID,10,7,52,0.0,2.6666666666666665,0.2,7.9,22.0,43.666666666666664,0.0,0.1,0.01,0.03,0.0,1.0,2,2.9369514
193,Cheick Doucouré,MID,10,1,49,0.0,0.0,0.0,0.0,0.0,0.0,0.0,0.0,0.0,0.0,0.0,0.0,2,1.5856262
194,Chris Richards,DEF,10,0,44,0.0,0.0,0.0,0.0,0.0,0.0,0.0,0.0,0.0,0.0,0.0,0.0,2,1.924424
195,Chadi Riad Dnanou,DEF,10,0,43,0.0,0.0,0.0,0.0,0.0,0.0,0.0,0.0,0.0,0.0,0.0,0.0,2,1.8390036
196,Nathaniel Clyne,DEF,10,1,44,0.0,2.0,0.0,0.7,0.0,24.333333333333332,0.0,0.01,0.0,0.0,0.0,1.0,2,2.245133
197,Malcolm Ebiowei,MID,10,0,45,0.0,0.0,0.0,0.0,0.0,0.0,0.0,0.0,0.0,0.0,0.0,0.0,2,1.388322
198,Odsonne Edouard,FWD,10,0,53,0.0,0.3333333333333333,0.0,1.2,0.0,5.333333333333333,0.0,0.0,0.0,0.0,0.0,0.0,2,2.2352393
199,Eberechi Eze,MID,10,0,67,6.0,3.3333333333333335,7.3,20.5,90.0,90.0,0.16,0.7000000000000001,0.26,0.5399999999999999,1.0,1.0,2,4.762188
200,Marc Guéhi,DEF,10,7,44,6.0,3.3333333333333335,4.3,9.1,90.0,90.0,0.07,0.07,0.0,0.02,1.0,1.0,2,3.0528166
201,Dean Henderson,GK,10,2,44,8.0,4.666666666666667,2.2,7.1000000000000005,90.0,90.0,0.0,0.0,0.0,0.0,1.0,1.0,2,3.8296778
202,Rob Holding,DEF,10,0,43,0.0,0.0,0.0,0.0,0.0,0.0,0.0,0.0,0.0,0.0,0.0,0.0,2,1.8390036
203,Will Hughes,MID,10,1,49,2.0,1.3333333333333333,6.3,13.7,68.0,57.0,0.02,0.12,0.19,0.26,1.0,1.0,2,3.4009385
204,Sam Johnstone,GK,10,0,44,0.0,0.6666666666666666,0.0,5.3,0.0,30.0,0.0,0.0,0.0,0.0,0.0,0.0,2,2.675991
205,Daichi Kamada,MID,10,2,51,1.0,1.0,0.9,5.999999999999999,2.0,30.333333333333332,0.0,0.2,0.01,0.04,0.0,0.0,2,1.9498158
206,Jefferson Lerma Solís,MID,10,0,48,1.0,1.0,0.3,4.8,21.0,67.0,0.0,0.0399999999999999,0.01,0.04,0.0,0.0,2,2.434102
207,Jean-Philippe Mateta,FWD,10,2,73,8.0,3.3333333333333335,5.6,12.4,90.0,48.0,0.24,0.36,0.01,0.08,1.0,1.0,2,4.3928576
208,Matheus França de Oliveira,MID,10,0,44,0.0,0.0,0.0,0.0,0.0,0.0,0.0,0.0,0.0,0.0,0.0,0.0,2,1.388322
209,Remi Matthews,GK,10,0,40,0.0,0.0,0.0,0.0,0.0,0.0,0.0,0.0,0.0,0.0,0.0,0.0,2,2.575351
210,Tyrick Mitchell,DEF,10,1,49,6.0,3.0,2.6,5.000000000000002,90.0,74.0,0.0,0.0,0.04,0.04,1.0,1.0,2,3.0756996
211,Daniel Muñoz,DEF,10,3,48,5.0,2.3333333333333335,5.2,11.5,90.0,65.33333333333333,0.06,0.06,0.11,0.19,1.0,1.0,2,3.3149474
212,David Ozoh,MID,10,0,45,0.0,0.0,0.0,0.0,0.0,0.0,0.0,0.0,0.0,0.0,0.0,0.0,2,1.388322
213,Jesurun Rak-Sakyi,MID,10,0,45,0.0,0.0,0.0,0.0,0.0,0.0,0.0,0.0,0.0,0.0,0.0,0.0,2,1.388322
214,Jeffrey Schlupp,MID,10,1,47,0.0,0.3333333333333333,0.0,2.6,0.0,5.333333333333333,0.0,0.04,0.0,0.01,0.0,0.0,2,1.6240288
215,Joel Ward,DEF,10,0,43,0.0,0.0,0.0,0.0,0.0,0.0,0.0,0.0,0.0,0.0,0.0,0.0,2,1.8390036
216,Adam Wharton,MID,10,0,48,3.0,1.3333333333333333,2.9,3.4,87.0,48.666666666666664,0.06,0.06,0.02,0.04,1.0,1.0,2,2.63187
217,Abdoulaye Doucouré,MID,10,0,52,2.0,2.6666666666666665,4.5,12.8,79.0,86.33333333333333,0.06,0.06,0.02,0.11,0.0,2.0,2,3.5119014
218,Norberto Bercique Gomes Betuncal,FWD,10,1,50,7.0,2.3333333333333335,9.2,9.2,9.0,3.0,0.39,0.39,0.0,0.0,0.0,0.0,2,2.1937568
219,Jarrad Branthwaite,DEF,10,1,48,1.0,0.3333333333333333,0.3,0.3,4.0,1.3333333333333333,0.0,0.0,0.0,0.0,0.0,0.0,2,2.920411
220,Dominic Calvert-Lewin,FWD,10,2,60,2.0,2.0,2.5,14.6,80.0,86.66666666666667,0.12,1.64,0.02,0.03,0.0,2.0,2,4.876115
221,Séamus Coleman,DEF,10,0,43,0.0,0.0,0.0,0.0,0.0,0.0,0.0,0.0,0.0,0.0,0.0,0.0,2,1.8390036
222,Idrissa Gueye,MID,10,2,49,2.0,2.0,2.0,4.1,90.0,71.0,0.04,0.4499999999999999,0.03,0.04,0.0,1.0,2,2.7374275
223,James Garner,MID,10,0,50,0.0,1.0,0.0,1.7,0.0,30.0,0.0,0.04,0.0,0.0,0.0,1.0,2,1.7768714
224,Jack Harrison,MID,10,1,53,2.0,2.6666666666666665,2.0,8.2,67.0,74.66666666666667,0.06,0.06,0.13,0.36,0.0,2.0,2,3.2011473
225,Mason Holgate,DEF,10,0,40,0.0,0.0,0.0,0.0,0.0,0.0,0.0,0.0,0.0,0.0,0.0,0.0,2,1.5685748
226,Tim Iroegbunam,MID,10,0,45,0.0,0.3333333333333333,0.0,0.3999999999999991,0.0,7.333333333333333,0.0,0.0,0.0,0.0,0.0,0.0,2,1.3613112
227,João Neves Virgínia,GK,10,0,40,0.0,0.0,0.0,0.0,0.0,0.0,0.0,0.0,0.0,0.0,0.0,0.0,2,2.575351
228,Michael Keane,DEF,10,1,43,2.0,7.333333333333333,3.7,12.7,90.0,90.0,0.04,0.07,0.0,0.0,0.0,2.0,2,2.6439717
229,Neal Maupay,FWD,10,0,49,0.0,0.0,0.0,0.0,0.0,0.0,0.0,0.0,0.0,0.0,0.0,0.0,2,2.123313
230,Dwight McNeil,MID,10,2,58,2.0,3.3333333333333335,3.9,14.9,85.0,88.33333333333333,0.06,0.15,0.13,0.4,0.0,2.0,2,4.5393486
231,Vitalii Mykolenko,DEF,10,2,43,2.0,3.0,4.6,7.399999999999999,90.0,60.0,0.0,0.0,0.13,0.14,0.0,1.0,2,3.30114
232,Iliman Ndiaye,FWD,10,2,54,2.0,4.333333333333333,1.4,12.000000000000002,90.0,86.66666666666667,0.0,0.29,0.04,0.23,0.0,2.0,2,4.1763268
233,Amadou Onana,MID,10,2,50,0.0,0.6666666666666666,4.6,7.199999999999999,45.0,39.666666666666664,0.21,0.21,0.02,0.05,0.0,0.0,4,1.9609278
234,Nathan Patterson,DEF,10,0,44,0.0,0.0,0.0,0.0,0.0,0.0,0.0,0.0,0.0,0.0,0.0,0.0,2,1.924424
235,Jordan Pickford,GK,10,2,49,2.0,7.666666666666667,2.4,8.3,90.0,90.0,0.0,0.0,0.01,0.01,0.0,2.0,2,3.9871233
236,James Tarkowski,DEF,10,1,48,1.0,5.0,5.2,10.6,90.0,90.0,0.0,0.0,0.15,0.16,0.0,2.0,2,3.6683836
237,Youssef Ramalho Chermiti,FWD,10,0,49,0.0,0.0,0.0,0.0,0.0,0.0,0.0,0.0,0.0,0.0,0.0,0.0,2,2.123313
238,Ashley Young,DEF,10,2,45,6.0,6.0,4.7,12.9,90.0,90.0,0.0,0.06,0.5,0.6,0.0,2.0,2,2.6186066
239,Adama Traoré,MID,10,4,51,3.0,2.3333333333333335,6.3,15.6,67.0,74.66666666666667,0.13,1.4200000000000004,0.12,0.41,1.0,1.0,2,3.4892206
240,Andreas Hoelgebaum Pereira,MID,10,2,53,3.0,3.6666666666666665,4.8,20.6,78.0,69.66666666666667,0.03,1.5399999999999998,0.16,0.7200000000000001,1.0,1.0,2,3.7193117
241,Calvin Bassey,DEF,10,2,45,2.0,0.6666666666666666,1.3,6.700000000000001,90.0,90.0,0.0,0.0,0.01,0.04,0.0,0.0,2,2.4925227
242,Steven Benda,GK,10,0,40,0.0,0.0,0.0,0.0,0.0,0.0,0.0,0.0,0.0,0.0,0.0,0.0,2,2.575351
243,Tom Cairney,MID,10,1,48,0.0,0.6666666666666666,0.0,3.5,0.0,11.666666666666666,0.0,0.0,0.0,0.33,0.0,0.0,2,1.7429824
244,Timothy Castagne,DEF,10,1,42,0.0,0.3333333333333333,0.0,1.0,0.0,4.333333333333333,0.0,0.0,0.0,0.0,0.0,0.0,2,1.719258
245,Issa Diop,DEF,10,0,44,2.0,0.0,3.8,5.5,90.0,37.333333333333336,0.06,0.09,0.0,0.0,0.0,0.0,2,2.8546216
246,Luke Harris,MID,10,0,45,0.0,0.0,0.0,0.0,0.0,0.0,0.0,0.0,0.0,0.0,0.0,0.0,2,1.388322
247,Alex Iwobi,MID,10,2,55,11.0,5.0,7.1,16.4,90.0,85.33333333333333,0.15,0.1999999999999999,0.07,0.7100000000000002,1.0,1.0,2,4.493876
248,Bernd Leno,GK,10,2,50,3.0,3.3333333333333335,3.8,12.599999999999998,90.0,90.0,0.0,0.0,0.0,0.02,0.0,0.0,2,3.0757682
249,Saša Lukić,MID,10,0,49,0.0,0.6666666666666666,0.0,2.3,0.0,30.0,0.0,0.0,0.0,0.05,0.0,0.0,2,1.7276086
250,Kevin Mbabu,DEF,10,0,40,0.0,0.0,0.0,0.0,0.0,0.0,0.0,0.0,0.0,0.0,0.0,0.0,2,1.5685748
251,Rodrigo Muniz Carvalho,FWD,10,0,57,1.0,2.3333333333333335,0.0,5.0,1.0,4.666666666666667,0.0,0.22,0.0,0.0,0.0,0.0,2,2.1416512
252,Raúl Jiménez,FWD,10,2,58,2.0,4.666666666666667,8.2,25.5,90.0,85.33333333333333,0.47,1.66,0.24,1.03,1.0,1.0,2,4.566373
253,Tim Ream,DEF,10,0,45,0.0,0.0,0.0,0.0,0.0,0.0,0.0,0.0,0.0,0.0,0.0,0.0,2,1.924424
254,Harrison Reed,MID,10,0,48,1.0,0.3333333333333333,0.4,0.4,11.0,3.6666666666666665,0.01,0.01,0.0,0.0,0.0,0.0,2,2.0229053
255,Antonee Robinson,DEF,10,6,47,2.0,1.3333333333333333,3.1,10.999999999999998,90.0,90.0,0.02,0.04,0.03,0.32,0.0,0.0,2,3.2075505
256,Jay Stansfield,FWD,10,0,50,0.0,0.0,0.0,0.0,0.0,0.0,0.0,0.0,0.0,0.0,0.0,0.0,2,2.3870835
257,Kenny Tete,DEF,10,2,45,2.0,1.3333333333333333,4.2,9.3,90.0,85.33333333333333,0.04,0.11,0.05,0.1,0.0,0.0,2,3.0728714
258,Carlos Vinícius Alves Morais,FWD,10,0,50,0.0,0.0,0.0,0.0,0.0,0.0,0.0,0.0,0.0,0.0,0.0,0.0,2,2.3870835
259,Harry Wilson,MID,10,13,52,1.0,0.6666666666666666,0.1,0.4,11.0,7.0,0.0,0.0,0.01,0.02,0.0,0.0,2,1.6477398
260,Ali Al-Hamadi,FWD,10,0,48,0.0,0.0,0.0,0.0,0.0,0.0,0.0,0.0,0.0,0.0,0.0,0.0,2,2.1611583
261,Elkan Baggott,DEF,10,0,40,0.0,0.0,0.0,0.0,0.0,0.0,0.0,0.0,0.0,0.0,0.0,0.0,2,1.5685748
262,Nathan Broadhead,MID,10,0,49,0.0,0.0,0.0,0.0,0.0,0.0,0.0,0.0,0.0,0.0,0.0,0.0,2,1.5856262
263,Cameron Burgess,DEF,10,2,39,0.0,0.3333333333333333,7.3,10.6,90.0,60.0,0.02,0.13,0.03,0.04,0.0,0.0,2,2.3804643
264,Wes Burns,MID,10,1,49,1.0,1.6666666666666667,1.5,4.9,55.0,63.0,0.06,0.07,0.01,0.19,0.0,0.0,2,2.4274256
265,Conor Chaplin,MID,10,2,52,5.0,2.3333333333333335,5.9,10.0,72.0,35.333333333333336,0.0,0.15,0.13,0.15,0.0,0.0,2,3.0637481
266,Harry Clarke,DEF,10,0,40,-5.0,-1.3333333333333333,0.1,0.5,68.0,31.666666666666668,0.0,0.0,0.02,0.04,0.0,0.0,2,3.2106247
267,Leif Davis,DEF,10,10,45,2.0,1.0,6.1,17.2,90.0,90.0,0.16,0.16,0.16,0.73,0.0,0.0,2,3.534053
268,Liam Delap,FWD,10,2,57,5.0,4.333333333333333,5.1,16.6,17.0,59.0,0.16,0.48,0.0,0.04,0.0,0.0,2,3.4819603
269,George Edmundson,DEF,10,0,40,0.0,0.0,0.0,0.0,0.0,0.0,0.0,0.0,0.0,0.0,0.0,0.0,2,1.5685748
270,Jacob Greaves,DEF,10,0,41,0.0,0.0,0.0,4.0,0.0,30.0,0.0,0.27,0.0,0.0,0.0,0.0,2,2.178756
271,Marcus Myers-Harness,MID,10,0,49,0.0,0.0,0.0,0.0,0.0,0.0,0.0,0.0,0.0,0.0,0.0,0.0,2,1.5856262
272,George Hirst,FWD,10,0,54,11.0,4.333333333333333,9.7,10.0,72.0,30.0,0.27,0.27,0.07,0.07,0.0,0.0,2,3.7445712
273,Cameron Humphreys,MID,10,0,45,0.0,0.0,0.0,0.0,0.0,0.0,0.0,0.0,0.0,0.0,0.0,0.0,2,1.388322
274,Omari Giraud-Hutchinson,MID,10,3,53,0.0,1.3333333333333333,0.0,7.9,0.0,57.333333333333336,0.0,0.08,0.0,0.15,0.0,0.0,2,2.086076
275,Ben Johnson,DEF,10,2,40,0.0,0.0,0.0,1.9,0.0,30.0,0.0,0.0,0.0,0.02,0.0,0.0,2,1.8786929
276,Freddie Ladapo,FWD,10,0,45,0.0,0.0,0.0,0.0,0.0,0.0,0.0,0.0,0.0,0.0,0.0,0.0,2,1.852597
277,Massimo Luongo,MID,10,0,45,0.0,0.0,0.0,0.0,0.0,0.0,0.0,0.0,0.0,0.0,0.0,0.0,2,1.388322
278,Sam Morsy,MID,10,8,49,0.0,1.3333333333333333,0.0,4.0,0.0,60.0,0.0,0.04,0.0,0.09,0.0,0.0,2,2.159182
279,Corrie Ndaba,DEF,10,0,40,0.0,0.0,0.0,0.0,0.0,0.0,0.0,0.0,0.0,0.0,0.0,0.0,2,1.5685748
280,Cieran Slicker,GK,10,0,40,0.0,0.0,0.0,0.0,0.0,0.0,0.0,0.0,0.0,0.0,0.0,0.0,2,2.575351
281,Jack Taylor,MID,10,0,48,0.0,0.3333333333333333,0.0,1.5,0.0,11.666666666666666,0.0,0.26,0.0,0.06,0.0,0.0,2,2.0059226
282,Axel Tuanzebe,DEF,10,0,40,0.0,0.0,0.0,0.0,0.0,0.0,0.0,0.0,0.0,0.0,0.0,0.0,2,1.5685748
283,Christian Walton,GK,10,0,44,0.0,0.0,0.0,0.0,0.0,0.0,0.0,0.0,0.0,0.0,0.0,0.0,2,2.9322772
284,Luke Woolfenden,DEF,10,0,40,1.0,0.6666666666666666,0.0,1.6,17.0,35.666666666666664,0.0,0.0,0.0,0.01,0.0,0.0,2,2.1282842
285,Boubakary Soumaré,MID,10,1,44,0.0,0.0,0.2,0.2,16.0,6.0,0.0,0.0,0.02,0.02,0.0,0.0,2,1.5534328
286,Tom Cannon,FWD,10,0,45,0.0,0.0,0.0,0.0,0.0,0.0,0.0,0.0,0.0,0.0,0.0,0.0,2,1.852597
287,Hamza Choudhury,MID,10,0,44,0.0,0.0,0.0,0.0,0.0,0.0,0.0,0.0,0.0,0.0,0.0,0.0,2,1.388322
288,Conor Coady,DEF,10,0,40,0.0,0.0,0.0,0.0,0.0,0.0,0.0,0.0,0.0,0.0,0.0,0.0,2,1.5685748
289,Patson Daka,FWD,10,0,48,0.0,0.0,0.0,0.0,0.0,0.0,0.0,0.0,0.0,0.0,0.0,0.0,2,2.1611583
290,Bobby De Cordova-Reid,MID,10,0,52,0.0,0.6666666666666666,0.0,2.0,0.0,3.3333333333333335,0.0,0.02,0.0,0.02,0.0,0.0,2,1.6001575
291,Wout Faes,DEF,10,2,42,1.0,2.6666666666666665,1.4,9.2,90.0,90.0,0.0,0.44,0.04,0.07,0.0,1.0,2,2.6971235
292,Michael Golding,MID,10,0,44,0.0,0.0,0.0,0.0,0.0,0.0,0.0,0.0,0.0,0.0,0.0,0.0,2,1.388322
293,Mads Hermansen,GK,10,2,45,1.0,3.3333333333333335,1.9,8.299999999999999,90.0,90.0,0.0,0.0,0.0,0.0,0.0,1.0,2,2.9154983
294,Daniel Iversen,GK,10,0,40,0.0,0.0,0.0,0.0,0.0,0.0,0.0,0.0,0.0,0.0,0.0,0.0,2,2.575351
295,James Justin,DEF,10,0,46,1.0,4.0,3.8,13.5,90.0,90.0,0.0,0.03,0.02,0.12,0.0,1.0,2,3.0495462
296,Victor Kristiansen,DEF,10,2,45,0.0,2.0,0.0,6.5,0.0,49.333333333333336,0.0,0.0,0.0,0.08,0.0,1.0,2,2.3905897
297,Wanya Marçal-Madivádua,MID,10,0,45,0.0,0.0,0.0,0.0,0.0,0.0,0.0,0.0,0.0,0.0,0.0,0.0,2,1.388322
298,Stephy Mavididi,MID,10,1,53,1.0,2.0,3.0,9.3,67.0,78.33333333333333,0.03,0.07,0.02,0.5499999999999999,0.0,1.0,2,2.9927979
299,Kasey McAteer,MID,10,1,48,0.0,0.0,0.0,0.0,0.0,0.0,0.0,0.0,0.0,0.0,0.0,0.0,2,1.6234715
300,Wilfred Ndidi,MID,10,2,50,2.0,2.0,2.1,8.0,73.0,84.33333333333333,0.04,0.04,0.01,0.0699999999999999,0.0,1.0,2,2.6864464
301,Caleb Okoli,DEF,10,0,40,1.0,3.0,4.5,10.8,90.0,90.0,0.0,0.0,0.01,0.03,0.0,1.0,2,2.1331246
302,Ricardo Barbosa Pereira,DEF,10,2,42,0.0,0.0,1.2,1.2,67.0,22.333333333333332,0.0,0.0,0.02,0.02,0.0,0.0,2,2.2769582
303,Harry Souttar,DEF,10,0,40,0.0,0.0,0.0,0.0,0.0,0.0,0.0,0.0,0.0,0.0,0.0,0.0,2,1.5685748
304,Jakub Stolarczyk,GK,10,0,40,0.0,0.0,0.0,0.0,0.0,0.0,0.0,0.0,0.0,0.0,0.0,0.0,2,2.575351
305,Luke Thomas,DEF,10,0,39,0.0,0.0,0.0,0.0,0.0,0.0,0.0,0.0,0.0,0.0,0.0,0.0,2,1.5685748
306,Jamie Vardy,FWD,10,5,57,8.0,5.333333333333333,11.8,18.8,90.0,84.33333333333333,0.54,2.03,0.07,0.07,0.0,1.0,2,3.6602378
307,Jannik Vestergaard,DEF,10,2,40,0.0,0.0,0.0,0.0,0.0,0.0,0.0,0.0,0.0,0.0,0.0,0.0,2,1.5685748
308,Danny Ward,GK,10,0,40,0.0,0.0,0.0,0.0,0.0,0.0,0.0,0.0,0.0,0.0,0.0,0.0,2,2.575351
309,Harry Winks,MID,10,2,45,4.0,2.3333333333333335,7.3,14.4,90.0,45.0,0.02,0.02,0.6,0.6799999999999999,0.0,0.0,2,2.7489321
310,Alisson Ramses Becker,GK,10,0,54,0.0,3.3333333333333335,0.0,2.6,0.0,26.0,0.0,0.0,0.0,0.0,0.0,1.0,2,2.7561889
311,Trent Alexander-Arnold,DEF,10,2,70,1.0,3.6666666666666665,3.9,12.8,90.0,86.66666666666667,0.05,0.11,0.24,0.72,0.0,1.0,2,4.516745
312,Stefan Bajčetić Maquieira,MID,10,0,45,0.0,0.0,0.0,0.0,0.0,0.0,0.0,0.0,0.0,0.0,0.0,0.0,2,1.388322
313,Conor Bradley,DEF,10,1,47,0.0,0.0,0.0,0.0,0.0,0.0,0.0,0.0,0.0,0.0,0.0,0.0,2,2.3217435
314,Fábio Freitas Gouveia Carvalho,MID,10,1,48,1.0,2.6666666666666665,0.0,7.6,9.0,12.666666666666666,0.0,1.05,0.0,0.02,0.0,0.0,3,1.7531497
315,Bobby Clark,MID,10,0,45,0.0,0.0,0.0,0.0,0.0,0.0,0.0,0.0,0.0,0.0,0.0,0.0,2,1.388322
316,Darwin Núñez Ribeiro,FWD,10,2,71,4.0,1.6666666666666667,3.9,4.9,90.0,50.0,0.0,0.0,0.13,0.13,0.0,0.0,2,3.3984773
317,Diogo Teixeira da Silva,MID,10,0,73,0.0,3.0,0.0,6.5,0.0,39.666666666666664,0.0,0.81,0.0,0.06,0.0,1.0,2,3.3696215
318,Ben Doak,MID,10,0,45,0.0,0.0,0.0,0.0,0.0,0.0,0.0,0.0,0.0,0.0,0.0,0.0,2,1.388322
319,Harvey Elliott,MID,10,0,52,0.0,0.0,0.0,0.0,0.0,0.0,0.0,0.0,0.0,0.0,0.0,0.0,2,1.6066626
320,Endo Wataru,MID,10,1,47,1.0,0.6666666666666666,0.0,1.3,1.0,0.6666666666666666,0.0,0.0,0.0,0.01,0.0,0.0,2,1.6169664
321,Cody Gakpo,FWD,10,9,71,1.0,2.3333333333333335,0.4,13.0,27.0,60.666666666666664,0.0,0.08,0.01,0.3999999999999999,0.0,1.0,2,3.6715121
322,Joe Gomez,DEF,10,1,48,0.0,0.3333333333333333,0.0,0.8,0.0,3.0,0.0,0.0,0.0,0.0,0.0,0.0,2,2.3098023
323,Ryan Gravenberch,MID,10,2,50,2.0,2.3333333333333335,1.6,6.800000000000001,90.0,90.0,0.03,0.09,0.07,0.43,0.0,1.0,2,3.0449543
324,Curtis Jones,MID,10,4,53,2.0,6.0,2.8,19.999999999999996,90.0,86.0,0.07,0.9000000000000001,0.01,0.05,0.0,1.0,2,3.8844602
325,Caoimhin Kelleher,GK,10,3,44,1.0,1.0,0.9,2.0,90.0,60.0,0.0,0.0,0.0,0.0,0.0,0.0,2,3.3292809
326,Ibrahima Konaté,DEF,10,1,53,1.0,2.6666666666666665,1.9,4.7,90.0,90.0,0.0,0.0,0.02,0.03,0.0,1.0,2,3.184947
327,Luis Díaz,MID,10,1,78,5.0,2.3333333333333335,3.9,8.6,62.0,34.333333333333336,0.0,0.1399999999999999,0.39,0.41,0.0,0.0,2,3.3905013
328,Mohamed Salah,MID,10,9,127,10.0,8.333333333333334,10.1,25.799999999999997,90.0,84.0,0.38,1.39,0.08,0.22,0.0,1.0,2,10.291464
329,Alexis Mac Allister,MID,10,1,62,1.0,0.3333333333333333,4.0,6.3,62.0,38.666666666666664,0.08,0.08,0.04,0.09,0.0,0.0,2,3.3304486
330,James McConnell,MID,10,0,44,0.0,0.0,0.0,0.0,0.0,0.0,0.0,0.0,0.0,0.0,0.0,0.0,2,1.388322
331,Tyler Morton,MID,10,0,44,0.0,0.0,0.0,0.0,0.0,0.0,0.0,0.0,0.0,0.0,0.0,0.0,2,1.388322
332,Nathaniel Phillips,DEF,10,0,40,0.0,0.0,0.0,0.0,0.0,0.0,0.0,0.0,0.0,0.0,0.0,0.0,2,1.5685748
333,Jarell Quansah,DEF,10,0,40,0.0,0.0,0.0,0.0,0.0,0.0,0.0,0.0,0.0,0.0,0.0,0.0,2,1.5685748
334,Rhys Williams,DEF,10,0,40,0.0,0.0,0.0,0.0,0.0,0.0,0.0,0.0,0.0,0.0,0.0,0.0,2,1.5685748
335,Andrew Robertson,DEF,10,0,60,1.0,1.3333333333333333,0.5,3.800000000000001,62.0,54.333333333333336,0.0,0.0,0.0,0.01,0.0,0.0,2,3.531563
336,Dominik Szoboszlai,MID,10,2,64,1.0,1.0,0.2,7.2,27.0,54.0,0.0,0.26,0.0,0.08,0.0,0.0,2,4.1711583
337,Konstantinos Tsimikas,DEF,10,3,46,1.0,2.3333333333333335,1.0,3.2,27.0,35.0,0.0,0.03,0.01,0.08,0.0,1.0,2,2.482254
338,Sepp van den Berg,DEF,10,1,40,1.0,1.0,6.3,14.1,90.0,88.66666666666667,0.16,0.35,0.04,0.06,0.0,0.0,3,1.230939
339,Virgil van Dijk,DEF,10,5,62,7.0,5.666666666666667,10.3,15.3,90.0,90.0,0.25,0.3,0.03,0.12,0.0,1.0,2,4.065974
340,Manuel Akanji,DEF,10,1,55,6.0,2.6666666666666665,5.9,7.800000000000002,90.0,50.333333333333336,0.04,0.04,0.09,0.12,1.0,1.0,3,4.027021
341,Nathan Aké,DEF,10,1,53,0.0,0.0,0.0,0.0,0.0,0.0,0.0,0.0,0.0,0.0,0.0,0.0,3,2.133141
342,Bernardo Veiga de Carvalho e Silva,MID,10,2,65,3.0,3.6666666666666665,4.8,28.3,90.0,90.0,0.0,0.55,0.07,0.56,1.0,1.0,3,5.2826715
343,Oscar Bobb,MID,10,0,47,0.0,0.0,0.0,0.0,0.0,0.0,0.0,0.0,0.0,0.0,0.0,0.0,3,1.4304421
344,Scott Carson,GK,10,0,40,0.0,0.0,0.0,0.0,0.0,0.0,0.0,0.0,0.0,0.0,0.0,0.0,3,2.2843304
345,Kevin De Bruyne,MID,10,0,94,0.0,0.0,0.0,0.0,0.0,0.0,0.0,0.0,0.0,0.0,0.0,0.0,3,1.4589967
346,Jérémy Doku,MID,10,1,63,0.0,3.6666666666666665,0.0,14.5,0.0,31.0,0.0,0.1699999999999999,0.0,0.2099999999999999,0.0,0.0,3,2.646579
347,Ederson Santana de Moraes,GK,10,2,55,6.0,2.6666666666666665,2.0,4.7,90.0,90.0,0.0,0.0,0.0,0.0,1.0,1.0,3,3.473623
348,Phil Foden,MID,10,2,93,3.0,3.0,10.5,22.4,90.0,63.666666666666664,0.18,0.31,0.72,1.4300000000000002,1.0,1.0,3,5.016012
349,Jack Grealish,MID,10,0,64,0.0,1.0,0.0,11.2,0.0,26.0,0.0,0.04,0.0,0.2299999999999999,0.0,0.0,3,2.361234
350,Joško Gvardiol,DEF,10,7,62,9.0,6.666666666666667,8.8,27.0,90.0,90.0,0.07,0.17,0.16,0.4,1.0,1.0,3,5.54538
351,Erling Haaland,FWD,10,2,154,6.0,3.3333333333333335,12.5,22.299999999999997,90.0,90.0,2.33,2.58,0.0,0.11,1.0,1.0,3,4.194719
352,Julián Álvarez,FWD,10,0,70,0.0,0.0,0.0,0.0,0.0,0.0,0.0,0.0,0.0,0.0,0.0,0.0,3,2.2467215
353,João Cavaco Cancelo,DEF,10,0,53,0.0,0.0,0.0,0.0,0.0,0.0,0.0,0.0,0.0,0.0,0.0,0.0,3,2.133141
354,Mateo Kovačić,MID,10,2,56,2.0,6.333333333333333,4.3,19.3,90.0,88.33333333333333,0.18,0.51,0.13,0.33,1.0,1.0,3,4.025891
355,Rico Lewis,DEF,10,1,48,6.0,4.0,1.4,11.5,90.0,90.0,0.0,0.1,0.05,0.21,1.0,1.0,3,2.6604822
356,Matheus Luiz Nunes,MID,10,2,49,6.0,2.6666666666666665,8.3,9.4,85.0,30.0,0.06,0.1,0.56,0.56,1.0,1.0,3,3.4098256
357,James McAtee,MID,10,0,47,0.0,0.0,0.0,0.0,0.0,0.0,0.0,0.0,0.0,0.0,0.0,0.0,3,1.4304421
358,Stefan Ortega Moreno,GK,10,0,53,0.0,0.0,0.0,0.0,0.0,0.0,0.0,0.0,0.0,0.0,0.0,0.0,3,2.5571103
359,Kalvin Phillips,MID,10,-1,49,2.0,2.0,3.1,6.6,90.0,77.66666666666667,0.0,0.17,0.01,0.15,0.0,0.0,2,2.7614644
360,Rodrigo 'Rodri' Hernandez,MID,10,0,63,0.0,0.0,0.0,0.0,0.0,0.0,0.0,0.0,0.0,0.0,0.0,0.0,3,1.860929
361,Rúben Gato Alves Dias,DEF,10,0,55,7.0,3.3333333333333335,4.7,13.5,90.0,90.0,0.02,0.13,0.06,0.23,1.0,1.0,3,4.1717505
362,John Stones,DEF,10,0,53,1.0,3.6666666666666665,0.0,9.4,1.0,34.333333333333336,0.0,0.26,0.0,0.06,0.0,0.0,3,1.9857805
363,Kyle Walker,DEF,10,0,52,0.0,0.3333333333333333,0.0,0.2,0.0,9.333333333333334,0.0,0.0,0.0,0.0,0.0,0.0,3,2.1189775
364,Amad Diallo,MID,10,0,49,1.0,0.3333333333333333,4.3,4.3,31.0,10.333333333333334,0.04,0.04,0.09,0.09,0.0,0.0,4,2.047443
365,Antony Matheus dos Santos,MID,10,0,57,0.0,0.3333333333333333,0.0,1.3,0.0,8.666666666666666,0.0,0.15,0.0,0.0,0.0,0.0,4,1.4875882
366,Bruno Borges Fernandes,MID,10,10,82,2.0,3.3333333333333335,8.1,19.8,90.0,90.0,0.46,0.62,0.28,0.35,0.0,1.0,4,3.3705318
367,Altay Bayindir,GK,10,0,44,0.0,0.0,0.0,0.0,0.0,0.0,0.0,0.0,0.0,0.0,0.0,0.0,4,2.5655687
368,Carlos Henrique Casimiro,MID,10,1,48,10.0,4.333333333333333,15.1,26.5,90.0,60.666666666666664,0.4,0.47,0.29,0.49,0.0,0.0,4,3.1710887
369,Diogo Dalot Teixeira,DEF,10,1,51,1.0,2.6666666666666665,6.1,12.4,90.0,90.0,0.38,0.55,0.15,0.1699999999999999,0.0,1.0,4,2.5759737
370,Christian Eriksen,MID,10,0,54,2.0,2.0,3.0,15.2,78.0,86.0,0.02,0.09,0.1,0.32,0.0,1.0,4,2.5441341
371,Jonny Evans,DEF,10,0,44,0.0,3.3333333333333335,0.0,4.1,0.0,59.333333333333336,0.0,0.08,0.0,0.02,0.0,1.0,4,1.5455146
372,Alejandro Garnacho,MID,10,2,63,2.0,5.0,4.2,26.8,90.0,90.0,0.23,0.6900000000000001,0.05,0.1,0.0,1.0,4,3.6515672
373,Hannibal Mejbri,MID,10,0,45,0.0,0.0,0.0,0.0,0.0,0.0,0.0,0.0,0.0,0.0,0.0,0.0,4,1.2162588
374,Tom Heaton,GK,10,0,40,0.0,0.0,0.0,0.0,0.0,0.0,0.0,0.0,0.0,0.0,0.0,0.0,4,2.217933
375,Rasmus Højlund,FWD,10,5,69,2.0,4.0,5.5,13.3,90.0,75.33333333333333,0.44,0.86,0.02,0.03,0.0,1.0,4,3.4142241
376,Victor Lindelöf,DEF,10,1,43,1.0,0.6666666666666666,0.7,2.2,6.0,17.333333333333332,0.0,0.0,0.01,0.02,0.0,0.0,4,1.4264356
377,Harry Maguire,DEF,10,0,49,0.0,0.0,0.0,0.2,0.0,15.0,0.0,0.0,0.0,0.0,0.0,0.0,4,1.842601
378,Kobbie Mainoo,MID,10,0,52,0.0,0.6666666666666666,0.0,2.9000000000000004,0.0,28.0,0.0,0.01,0.0,0.02,0.0,1.0,4,1.4818432
379,Tyrell Malacia,DEF,10,0,44,0.0,0.0,0.0,0.0,0.0,0.0,0.0,0.0,0.0,0.0,0.0,0.0,4,1.5429472
380,Lisandro Martínez,DEF,10,1,44,1.0,1.0,2.2,7.2,90.0,60.0,0.0,0.02,0.01,0.03,0.0,0.0,4,1.9503504
381,Scott McTominay,MID,10,0,49,0.0,0.0,0.0,0.0,0.0,0.0,0.0,0.0,0.0,0.0,0.0,0.0,4,1.3873098
382,Mason Mount,MID,10,0,63,0.0,0.0,0.0,0.0,0.0,0.0,0.0,0.0,0.0,0.0,0.0,0.0,4,1.855642
383,André Onana,GK,10,2,50,1.0,3.0,1.1,4.300000000000001,90.0,90.0,0.0,0.0,0.0,0.19,0.0,1.0,4,2.8023915
384,Facundo Pellistri Rebollo,MID,10,0,50,0.0,0.0,0.0,0.0,0.0,0.0,0.0,0.0,0.0,0.0,0.0,0.0,4,1.4253199
385,Marcus Rashford,MID,10,2,69,1.0,3.0,2.9,18.5,58.0,70.33333333333333,0.0,0.25,0.02,0.38,0.0,1.0,4,2.06678
386,Jadon Sancho,MID,10,0,63,0.0,1.0,0.0,7.800000000000001,0.0,44.666666666666664,0.0,0.0,0.0,0.29,0.0,0.0,3,3.2781851
387,Luke Shaw,DEF,10,0,49,0.0,0.0,0.0,0.0,0.0,0.0,0.0,0.0,0.0,0.0,0.0,0.0,4,1.8567646
388,Aaron Wan-Bissaka,DEF,10,1,44,2.0,1.3333333333333333,3.0,11.4,90.0,90.0,0.0,0.0499999999999999,0.04,0.15,0.0,0.0,2,3.0391133
389,Joshua Zirkzee,FWD,10,1,67,4.0,2.0,3.7,4.2,11.0,17.666666666666668,0.15,0.1500000000000002,0.01,0.03,0.0,0.0,4,2.1610065
390,Alex Murphy,DEF,10,0,40,0.0,0.0,0.0,0.0,0.0,0.0,0.0,0.0,0.0,0.0,0.0,0.0,5,0.9996138
391,Miguel Almirón Rejala,MID,10,0,56,2.0,1.3333333333333333,2.3,5.199999999999999,67.0,33.333333333333336,0.17,0.36,0.01,0.14,0.0,0.0,5,2.0705128
392,Harvey Barnes,MID,10,1,64,2.0,2.0,2.3,6.699999999999999,67.0,51.0,0.16,0.19,0.04,0.25,0.0,1.0,5,2.0847042
393,Sven Botman,DEF,10,0,44,0.0,0.0,0.0,0.0,0.0,0.0,0.0,0.0,0.0,0.0,0.0,0.0,5,1.4618671
394,Bruno Guimarães Rodriguez Moura,MID,10,3,62,2.0,2.3333333333333335,3.9,12.4,90.0,88.0,0.04,0.35,0.03,0.3199999999999999,0.0,1.0,5,3.2546856
395,Dan Burn,DEF,10,6,44,1.0,3.3333333333333335,1.6,5.9,90.0,90.0,0.06,0.09,0.07,0.07,0.0,1.0,5,1.3876475
396,Martin Dúbravka,GK,10,0,43,0.0,0.0,0.0,0.0,0.0,0.0,0.0,0.0,0.0,0.0,0.0,0.0,5,2.0173628
397,Ryan Fraser,MID,10,0,48,0.0,-0.6666666666666666,0.0,0.4,0.0,3.6666666666666665,0.0,0.0,0.0,0.09,0.0,0.0,2,3.1601918
398,Anthony Gordon,MID,10,6,72,0.0,1.0,0.0,18.1,0.0,58.0,0.0,1.46,0.0,0.31,0.0,1.0,5,2.188045
399,Lewis Hall,DEF,10,8,43,4.0,3.3333333333333335,10.4,21.4,88.0,89.33333333333333,0.0,0.0,0.78,1.0,0.0,1.0,5,1.2220707
400,Isaac Hayden,MID,10,0,45,0.0,0.0,0.0,0.0,0.0,0.0,0.0,0.0,0.0,0.0,0.0,0.0,5,1.1581349
401,Alexander Isak,FWD,10,9,83,6.0,2.6666666666666665,10.1,21.9,90.0,60.0,1.21,2.02,0.09,0.2799999999999999,0.0,0.0,5,3.9212506
402,Jacob Murphy,MID,10,0,51,1.0,2.0,0.4,7.200000000000001,22.0,51.333333333333336,0.0,0.09,0.0,0.15,0.0,1.0,5,1.9566036
403,Joelinton Cássio Apolinário de Lira,MID,10,3,60,2.0,2.3333333333333335,0.8,14.6,88.0,89.33333333333333,0.0,0.8899999999999999,0.02,0.29,0.0,1.0,5,2.6219552
404,Lloyd Kelly,DEF,10,1,43,1.0,0.3333333333333333,0.0,0.0,1.0,0.3333333333333333,0.0,0.0,0.0,0.0,0.0,0.0,5,1.2810237
405,Emil Krafth,DEF,10,0,44,0.0,0.0,0.0,0.0,0.0,0.0,0.0,0.0,0.0,0.0,0.0,0.0,5,1.4618671
406,Garang Kuol,MID,10,0,45,0.0,0.0,0.0,0.0,0.0,0.0,0.0,0.0,0.0,0.0,0.0,0.0,5,1.1581349
407,Jamaal Lascelles,DEF,10,0,45,0.0,0.0,0.0,0.0,0.0,0.0,0.0,0.0,0.0,0.0,0.0,0.0,5,1.4618671
408,Jamal Lewis,DEF,10,0,40,0.0,0.0,0.0,0.0,0.0,0.0,0.0,0.0,0.0,0.0,0.0,0.0,5,0.9996138
409,Tino Livramento,DEF,10,7,45,1.0,1.3333333333333333,2.8,5.9,90.0,66.33333333333333,0.0,0.0,0.02,0.06,0.0,0.0,5,1.2261424
410,Sean Longstaff,MID,10,3,47,0.0,0.6666666666666666,0.9,1.7,22.0,15.333333333333334,0.0,0.0,0.0,0.01,0.0,0.0,5,1.5509833
411,Lewis Miley,MID,10,0,50,0.0,0.0,0.0,0.0,0.0,0.0,0.0,0.0,0.0,0.0,0.0,0.0,5,1.3671961
412,Odysseas Vlachodimos,GK,10,0,43,0.0,0.0,0.0,0.0,0.0,0.0,0.0,0.0,0.0,0.0,0.0,0.0,5,2.0173628
413,Nick Pope,GK,10,5,50,2.0,3.6666666666666665,3.7,8.0,90.0,90.0,0.0,0.0,0.0,0.0,0.0,1.0,5,2.0527298
414,John Ruddy,GK,10,0,40,0.0,0.0,0.0,0.0,0.0,0.0,0.0,0.0,0.0,0.0,0.0,0.0,5,2.1494796
415,Fabian Schär,DEF,10,5,54,0.0,2.3333333333333335,1.6,7.299999999999999,90.0,90.0,0.24,0.2799999999999999,0.02,0.26,0.0,1.0,5,2.3159661
416,Matt Targett,DEF,10,0,40,0.0,0.0,0.0,0.0,0.0,0.0,0.0,0.0,0.0,0.0,0.0,0.0,5,0.9996138
417,Sandro Tonali,MID,10,0,55,1.0,2.0,1.4,7.0,67.0,67.33333333333333,0.05,0.28,0.0,0.0499999999999999,0.0,1.0,5,2.3540466
418,Kieran Trippier,DEF,10,0,56,0.0,2.6666666666666665,0.0,5.500000000000001,0.0,23.333333333333332,0.0,0.0,0.0,0.12,0.0,1.0,5,1.9035022
419,Joe White,MID,10,0,45,0.0,0.0,0.0,0.0,0.0,0.0,0.0,0.0,0.0,0.0,0.0,0.0,5,1.1581349
420,Joe Willock,MID,10,2,48,1.0,1.0,2.2,3.3000000000000003,22.0,22.333333333333332,0.0,0.0,0.17,0.21,0.0,0.0,5,1.5450696
421,Callum Wilson,FWD,10,0,69,0.0,0.0,0.0,0.0,0.0,0.0,0.0,0.0,0.0,0.0,0.0,0.0,5,2.0952394
422,Ola Aina,DEF,10,15,46,2.0,3.3333333333333335,2.8,8.7,90.0,90.0,0.0,0.01,0.02,0.15,0.0,1.0,2,3.395762
423,Elliot Anderson,MID,10,3,50,5.0,3.0,5.1,23.1,71.0,71.0,0.24,0.58,0.08,0.53,0.0,1.0,2,3.8410726
424,Taiwo Awoniyi,FWD,10,1,56,1.0,0.6666666666666666,0.3,0.8,9.0,5.0,0.06,0.06,0.01,0.03,0.0,0.0,2,2.2441046
425,Willy Boly,DEF,10,0,43,0.0,0.0,0.0,0.0,0.0,0.0,0.0,0.0,0.0,0.0,0.0,0.0,2,1.8390036
426,Josh Bowler,MID,10,0,45,0.0,0.0,0.0,0.0,0.0,0.0,0.0,0.0,0.0,0.0,0.0,0.0,2,1.388322
427,Carlos Miguel dos Santos Pereira,GK,10,0,43,0.0,0.0,0.0,0.0,0.0,0.0,0.0,0.0,0.0,0.0,0.0,0.0,2,2.4525247
428,Eric da Silva Moreira,MID,10,1,45,0.0,0.0,0.0,0.0,0.0,0.0,0.0,0.0,0.0,0.0,0.0,0.0,2,1.388322
429,Danilo dos Santos de Oliveira,MID,10,0,47,0.0,0.0,0.0,0.0,0.0,0.0,0.0,0.0,0.0,0.0,0.0,0.0,2,1.6234715
430,Emmanuel Dennis,FWD,10,0,49,0.0,0.0,0.0,0.0,0.0,0.0,0.0,0.0,0.0,0.0,0.0,0.0,2,2.123313
431,Nicolás Domínguez,MID,10,3,48,1.0,1.3333333333333333,5.1,10.4,90.0,64.66666666666667,0.28,0.37,0.02,0.04,0.0,1.0,2,2.961559
432,Anthony Elanga,MID,10,3,52,2.0,2.0,2.1,5.1,75.0,48.333333333333336,0.05,0.05,0.01,0.28,0.0,1.0,2,2.863745
433,Morgan Gibbs-White,MID,10,3,63,0.0,0.6666666666666666,0.0,5.3,0.0,25.0,0.0,0.08,0.0,0.01,0.0,0.0,2,2.412431
434,Callum Hudson-Odoi,MID,10,10,54,2.0,2.3333333333333335,4.9,14.900000000000002,75.0,79.66666666666667,0.08,0.1499999999999999,0.03,0.2,0.0,1.0,2,3.5574071
435,Alex Mighten,MID,10,0,45,0.0,0.0,0.0,0.0,0.0,0.0,0.0,0.0,0.0,0.0,0.0,0.0,2,1.388322
436,Murillo Santiago Costa dos Santos,DEF,10,6,45,2.0,4.0,6.3,14.9,90.0,90.0,0.17,0.25,0.08,0.09,0.0,1.0,2,4.434053
437,Neco Williams,DEF,10,0,44,1.0,0.6666666666666666,0.8,6.1,18.0,12.666666666666666,0.0,0.16,0.0,0.02,0.0,0.0,2,2.0942447
438,Omar Richards,DEF,10,0,45,0.0,0.0,0.0,0.0,0.0,0.0,0.0,0.0,0.0,0.0,0.0,0.0,2,1.924424
439,Lewis O'Brien,MID,10,0,50,0.0,0.0,0.0,0.0,0.0,0.0,0.0,0.0,0.0,0.0,0.0,0.0,2,1.6066626
440,Andrew Omobamidele,DEF,10,0,43,0.0,0.0,0.0,0.0,0.0,0.0,0.0,0.0,0.0,0.0,0.0,0.0,2,1.8390036
441,Jonathan Panzo,DEF,10,0,40,0.0,0.0,0.0,0.0,0.0,0.0,0.0,0.0,0.0,0.0,0.0,0.0,2,1.5685748
442,Ibrahim Sangaré,MID,10,0,44,0.0,0.0,0.0,0.0,0.0,0.0,0.0,0.0,0.0,0.0,0.0,0.0,2,1.388322
443,Matz Sels,GK,10,6,46,5.0,6.333333333333333,0.3,10.9,90.0,90.0,0.0,0.0,0.0,0.0,0.0,1.0,2,3.28766
444,Harry Toffolo,DEF,10,0,43,0.0,0.0,0.0,0.0,0.0,0.0,0.0,0.0,0.0,0.0,0.0,0.0,2,1.8390036
445,Matt Turner,GK,10,0,40,0.0,0.0,0.0,0.0,0.0,0.0,0.0,0.0,0.0,0.0,0.0,0.0,2,2.575351
446,Hwang Ui-jo,FWD,10,0,45,0.0,0.0,0.0,0.0,0.0,0.0,0.0,0.0,0.0,0.0,0.0,0.0,2,1.852597
447,Chris Wood,FWD,10,7,64,13.0,9.333333333333334,12.3,28.0,80.0,81.33333333333333,0.35,1.33,0.01,0.02,0.0,1.0,2,4.886225
448,Joe Worrall,DEF,10,0,45,0.0,0.0,0.0,0.0,0.0,0.0,0.0,0.0,0.0,0.0,0.0,0.0,2,1.924424
449,Ryan Yates,MID,10,3,49,8.0,4.333333333333333,7.8,19.6,90.0,90.0,0.4,0.86,0.01,0.05,0.0,1.0,2,3.277082
450,Carlos Alcaraz Durán,MID,10,0,49,0.0,0.0,0.0,0.0,0.0,0.0,0.0,0.0,0.0,0.0,0.0,0.0,2,1.5856262
451,Samuel Amo-Ameyaw,MID,10,0,45,0.0,0.0,0.0,0.0,0.0,0.0,0.0,0.0,0.0,0.0,0.0,0.0,2,1.388322
452,Joe Aribo,MID,10,1,49,1.0,4.0,0.9,14.4,30.0,70.0,0.0,0.68,0.03,0.0399999999999999,0.0,0.0,2,2.2991943
453,Adam Armstrong,FWD,10,7,51,0.0,0.3333333333333333,3.3,4.0,45.0,20.333333333333332,0.07,0.07,0.05,0.06,0.0,0.0,2,2.4825935
454,Gavin Bazunu,GK,10,0,43,0.0,0.0,0.0,0.0,0.0,0.0,0.0,0.0,0.0,0.0,0.0,0.0,2,2.4525247
455,Jan Bednarek,DEF,10,5,40,2.0,1.0,2.9,9.7,90.0,90.0,0.0,0.0,0.01,0.65,0.0,0.0,2,1.8483785
456,Armel Bella-Kotchap,DEF,10,0,39,0.0,0.0,0.0,0.0,0.0,0.0,0.0,0.0,0.0,0.0,0.0,0.0,2,1.5685748
457,James Bree,DEF,10,0,39,1.0,0.3333333333333333,1.4,1.4,13.0,4.333333333333333,0.0,0.0,0.02,0.02,0.0,0.0,2,1.5801721
458,Shea Charles,MID,10,0,45,0.0,0.0,0.0,0.0,0.0,0.0,0.0,0.0,0.0,0.0,0.0,0.0,2,1.388322
459,Samuel Edozie,MID,10,0,49,0.0,0.0,0.0,0.0,0.0,0.0,0.0,0.0,0.0,0.0,0.0,0.0,2,1.5856262
460,Ronnie Edwards,DEF,10,0,39,0.0,0.0,0.0,0.0,0.0,0.0,0.0,0.0,0.0,0.0,0.0,0.0,2,1.5685748
461,Taylor Harwood-Bellis,DEF,10,6,41,2.0,1.0,4.4,14.200000000000005,90.0,90.0,0.0,0.4399999999999999,0.0,0.0,0.0,0.0,2,2.8606265
462,Kamaldeen Sulemana,MID,10,0,50,1.0,0.6666666666666666,0.0,1.2,3.0,5.0,0.0,0.02,0.0,0.0,0.0,0.0,2,1.6001575
463,Adam Lallana,MID,10,1,50,0.0,0.0,1.1,1.1,59.0,19.666666666666668,0.0,0.0,0.01,0.01,0.0,0.0,2,2.2405903
464,Juan Larios López,DEF,10,0,40,0.0,0.0,0.0,0.0,0.0,0.0,0.0,0.0,0.0,0.0,0.0,0.0,2,1.5685748
465,Mateusz Lis,GK,10,0,40,0.0,0.0,0.0,0.0,0.0,0.0,0.0,0.0,0.0,0.0,0.0,0.0,2,2.575351
466,Joe Lumley,GK,10,0,40,0.0,0.0,0.0,0.0,0.0,0.0,0.0,0.0,0.0,0.0,0.0,0.0,2,2.575351
467,Ryan Manning,DEF,10,1,43,2.0,2.0,0.9,10.9,76.0,75.33333333333333,0.0,0.05,0.01,0.17,0.0,0.0,2,2.9646566
468,Sékou Mara,FWD,10,0,50,0.0,0.0,0.0,0.0,0.0,0.0,0.0,0.0,0.0,0.0,0.0,0.0,2,2.3870835
469,Alex McCarthy,GK,10,0,44,0.0,0.0,0.0,0.0,0.0,0.0,0.0,0.0,0.0,0.0,0.0,0.0,2,2.9322772
470,Paul Onuachu,FWD,10,0,49,1.0,1.0,2.7,4.6,3.0,13.666666666666666,0.04,0.06,0.0,0.0,0.0,0.0,2,2.0537708
471,Will Smallbone,MID,10,0,50,0.0,0.3333333333333333,0.0,0.2,0.0,7.333333333333333,0.0,0.0,0.0,0.0,0.0,0.0,2,1.592499
472,Jack Stephens,DEF,10,6,40,2.0,0.6666666666666666,2.8,2.8,90.0,30.0,0.0,0.0,0.01,0.01,0.0,0.0,2,1.9662625
473,Ross Stewart,FWD,10,0,46,0.0,0.3333333333333333,0.0,0.0,0.0,8.666666666666666,0.0,0.0,0.0,0.0,0.0,0.0,2,1.726561
474,Sugawara Yukinari,DEF,10,4,45,0.0,2.0,0.0,5.199999999999999,0.0,50.0,0.0,0.0,0.0,0.27,0.0,1.0,2,2.5776944
475,Charlie Taylor,DEF,10,0,39,0.0,0.6666666666666666,0.0,1.3,0.0,4.333333333333333,0.0,0.0,0.0,0.01,0.0,0.0,2,1.6307392
476,Kyle Walker-Peters,DEF,10,9,44,2.0,2.0,2.2,11.2,90.0,90.0,0.0,0.02,0.01,0.24,0.0,0.0,2,3.040794
477,Nathan Wood-Gordon,DEF,10,0,40,0.0,0.0,0.0,0.0,0.0,0.0,0.0,0.0,0.0,0.0,0.0,0.0,2,1.5685748
478,Ashley Phillips,DEF,10,0,40,0.0,0.0,0.0,0.0,0.0,0.0,0.0,0.0,0.0,0.0,0.0,0.0,3,1.181404
479,Brandon Austin,GK,10,0,40,0.0,0.0,0.0,0.0,0.0,0.0,0.0,0.0,0.0,0.0,0.0,0.0,3,2.2843304
480,Rodrigo Bentancur,MID,10,1,50,1.0,1.3333333333333333,0.5,1.9,3.0,30.0,0.04,0.04,0.01,0.03,0.0,0.0,3,1.5246841
481,Lucas Bergvall,MID,10,0,45,0.0,0.0,0.0,0.0,0.0,0.0,0.0,0.0,0.0,0.0,0.0,0.0,3,1.2215458
482,Yves Bissouma,MID,10,1,49,2.0,4.333333333333333,1.8,10.7,86.0,59.0,0.0,0.16,0.09,0.11,0.0,0.0,3,2.581842
483,Bryan Gil Salvatierra,MID,10,0,50,0.0,0.0,0.0,0.0,0.0,0.0,0.0,0.0,0.0,0.0,0.0,0.0,3,1.430607
484,Ben Davies,DEF,10,1,43,0.0,0.0,0.0,0.0,0.0,0.0,0.0,0.0,0.0,0.0,0.0,0.0,3,1.4721044
485,Alfie Devine,MID,10,0,45,0.0,0.0,0.0,0.0,0.0,0.0,0.0,0.0,0.0,0.0,0.0,0.0,3,1.2215458
486,Radu Drăgușin,DEF,10,2,43,0.0,0.0,0.0,0.0,0.0,0.0,0.0,0.0,0.0,0.0,0.0,0.0,3,1.4721044
487,Emerson Leite de Souza Junior,DEF,10,0,45,0.0,0.0,0.0,0.0,0.0,0.0,0.0,0.0,0.0,0.0,0.0,0.0,3,1.5575248
488,Fraser Forster,GK,10,0,44,0.0,0.0,0.0,0.0,0.0,0.0,0.0,0.0,0.0,0.0,0.0,0.0,3,2.6412566
489,Archie Gray,MID,10,1,47,0.0,0.3333333333333333,0.0,0.2,0.0,0.6666666666666666,0.0,0.0,0.0,0.0,0.0,0.0,3,1.4162785
490,Pierre-Emile Højbjerg,MID,10,0,50,0.0,0.0,0.0,0.0,0.0,0.0,0.0,0.0,0.0,0.0,0.0,0.0,3,1.430607
491,Brennan Johnson,MID,10,8,67,1.0,3.3333333333333335,4.3,20.9,90.0,90.0,0.27,1.85,0.05,0.1,0.0,0.0,3,4.87084
492,Dejan Kulusevski,MID,10,5,63,1.0,3.6666666666666665,5.0,19.4,61.0,80.33333333333333,0.1,0.32,0.02,0.27,0.0,0.0,3,4.004355
493,Giovani Lo Celso,MID,10,0,49,0.0,0.0,0.0,0.0,0.0,0.0,0.0,0.0,0.0,0.0,0.0,0.0,3,1.3925968
494,James Maddison,MID,10,6,76,2.0,5.333333333333333,7.9,25.299999999999997,61.0,63.333333333333336,0.14,0.3700000000000001,0.06,0.69,0.0,0.0,3,3.9255612
495,Pedro Porro,DEF,10,1,55,2.0,1.6666666666666667,4.1,16.3,90.0,90.0,0.03,0.1699999999999999,0.11,0.45,0.0,0.0,3,3.7624419
496,Sergio Reguilón,DEF,10,0,43,0.0,0.0,0.0,0.0,0.0,0.0,0.0,0.0,0.0,0.0,0.0,0.0,3,1.4721044
497,Richarlison de Andrade,FWD,10,4,68,0.0,0.3333333333333333,0.5,0.6,28.0,12.333333333333334,0.0,0.0,0.0,0.0,0.0,0.0,3,2.07352
498,Cristian Romero,DEF,10,1,51,2.0,1.6666666666666667,4.7,11.5,90.0,90.0,0.01,0.17,0.02,0.18,0.0,0.0,3,2.5805476
499,Pape Matar Sarr,MID,10,2,48,1.0,2.0,0.8,5.1,28.0,28.0,0.0,0.0,0.02,0.03,0.0,0.0,3,1.8761498
500,Dane Scarlett,FWD,10,0,45,0.0,0.0,0.0,0.0,0.0,0.0,0.0,0.0,0.0,0.0,0.0,0.0,3,1.4856977
501,Oliver Skipp,MID,10,0,49,0.0,1.3333333333333333,0.0,4.0,0.0,45.0,0.0,0.0,0.0,0.01,0.0,1.0,2,1.8526323
502,Manor Solomon,MID,10,0,54,0.0,0.0,0.0,0.0,0.0,0.0,0.0,0.0,0.0,0.0,0.0,0.0,3,1.430607
503,Son Heung-min,MID,10,4,99,0.0,2.6666666666666665,0.0,12.0,0.0,23.0,0.0,0.41,0.0,0.06,0.0,0.0,3,2.322277
504,Djed Spence,DEF,10,0,44,0.0,0.0,0.0,0.0,0.0,0.0,0.0,0.0,0.0,0.0,0.0,0.0,3,1.5575248
505,Destiny Udogie,DEF,10,2,49,2.0,2.3333333333333335,4.0,18.3,90.0,89.0,0.0,0.1699999999999999,0.06,0.5800000000000001,0.0,0.0,3,2.9619677
506,Micky van de Ven,DEF,10,0,47,1.0,1.0,1.4,5.6,90.0,90.0,0.1,0.1,0.01,0.03,0.0,0.0,3,2.6930912
507,Alejo Véliz,FWD,10,0,50,0.0,0.0,0.0,0.0,0.0,0.0,0.0,0.0,0.0,0.0,0.0,0.0,3,1.9280045
508,Guglielmo Vicario,GK,10,2,50,3.0,2.0,3.5,6.6,90.0,90.0,0.0,0.0,0.0,0.0,0.0,0.0,3,3.61551
509,Timo Werner,MID,10,0,62,1.0,2.3333333333333335,0.5,7.3,28.0,42.0,0.0,0.15,0.02,0.1399999999999999,0.0,0.0,3,2.6228428
510,Alfie Whiteman,GK,10,0,40,0.0,0.0,0.0,0.0,0.0,0.0,0.0,0.0,0.0,0.0,0.0,0.0,3,2.2843304
511,Edson Álvarez Velázquez,MID,10,-2,50,2.0,1.3333333333333333,2.3,4.9,90.0,46.333333333333336,0.0,0.04,0.01,0.02,0.0,0.0,2,2.4626572
512,Michail Antonio,FWD,10,1,54,2.0,7.333333333333333,5.3,17.3,70.0,66.33333333333333,0.05,0.62,0.58,0.72,1.0,1.0,2,4.942693
513,Alphonse Areola,GK,10,0,44,0.0,0.3333333333333333,0.0,4.6,0.0,60.0,0.0,0.0,0.0,0.0,0.0,0.0,2,2.8249524
514,Jarrod Bowen,MID,10,2,74,7.0,7.0,10.3,35.300000000000004,90.0,90.0,0.92,1.22,0.23,1.3299999999999998,0.0,0.0,2,5.8627157
515,Maxwel Cornet,MID,10,0,48,0.0,0.0,0.0,0.0,0.0,0.0,0.0,0.0,0.0,0.0,0.0,0.0,2,1.6234715
516,Vladimír Coufal,DEF,10,0,43,0.0,0.0,0.0,0.0,0.0,0.0,0.0,0.0,0.0,0.0,0.0,0.0,2,1.8390036
517,Aaron Cresswell,DEF,10,0,40,0.0,0.3333333333333333,0.1,0.3,1.0,2.6666666666666665,0.0,0.03,0.0,0.0,0.0,0.0,2,1.6712623
518,Flynn Downes,MID,10,3,48,1.0,1.6666666666666667,1.4,9.2,86.0,88.66666666666667,0.0,0.24,0.0,0.01,0.0,0.0,2,3.0197363
519,George Earthy,MID,10,0,45,0.0,0.0,0.0,0.0,0.0,0.0,0.0,0.0,0.0,0.0,0.0,0.0,2,1.388322
520,Emerson Palmieri dos Santos,DEF,10,1,44,1.0,1.0,5.8,15.9,90.0,87.33333333333333,0.86,0.87,0.03,0.81,0.0,0.0,2,3.8500261
521,Łukasz Fabiański,GK,10,2,40,3.0,1.0,2.9,2.9,90.0,30.0,0.0,0.0,0.0,0.0,0.0,0.0,2,3.3865619
522,Wes Foderingham,GK,10,0,44,0.0,0.0,0.0,0.0,0.0,0.0,0.0,0.0,0.0,0.0,0.0,0.0,2,2.9322772
523,Danny Ings,FWD,10,0,50,8.0,2.6666666666666665,3.5,3.5,19.0,6.333333333333333,0.19,0.19,0.0,0.0,0.0,0.0,2,2.2369375
524,Max Kilman,DEF,10,1,45,2.0,1.3333333333333333,3.8,9.1,90.0,90.0,0.37,0.37,0.0,0.0,0.0,0.0,2,2.947235
525,Mohammed Kudus,MID,10,0,62,0.0,3.6666666666666665,0.0,25.5,0.0,56.666666666666664,0.0,2.2300000000000004,0.0,0.1,0.0,0.0,2,3.7583513
526,Luis Guilherme Lira dos Santos,MID,10,0,48,0.0,0.3333333333333333,0.0,0.0,0.0,1.3333333333333333,0.0,0.0,0.0,0.0,0.0,0.0,2,1.6093079
527,Lucas Tolentino Coelho de Lima,MID,10,1,59,0.0,3.0,0.8,15.4,45.0,62.333333333333336,0.04,1.03,0.07,0.35,0.0,0.0,2,4.097262
528,Konstantinos Mavropanos,DEF,10,1,45,0.0,0.3333333333333333,0.8,0.9,45.0,21.666666666666668,0.0,0.0,0.0,0.0,0.0,0.0,2,2.4239576
529,Nayef Aguerd,DEF,10,0,44,0.0,0.0,0.0,0.0,0.0,0.0,0.0,0.0,0.0,0.0,0.0,0.0,2,1.924424
530,Tomáš Souček,MID,10,0,50,1.0,1.3333333333333333,2.2,8.200000000000001,45.0,65.0,0.02,0.3999999999999999,0.01,0.04,0.0,0.0,2,2.63792
531,James Ward-Prowse,MID,10,0,62,0.0,-0.3333333333333333,0.0,2.4,0.0,25.666666666666668,0.0,0.04,0.0,0.03,0.0,0.0,2,2.793693
532,Kurt Zouma,DEF,10,0,44,0.0,0.0,0.0,0.0,0.0,0.0,0.0,0.0,0.0,0.0,0.0,0.0,2,1.924424
533,Rayan Aït-Nouri,DEF,10,1,46,6.0,5.333333333333333,7.7,25.40000000000001,90.0,90.0,0.06,0.12,0.01,0.2299999999999999,0.0,0.0,2,3.4185715
534,Boubacar Traoré,MID,10,0,48,0.0,0.0,0.0,0.0,0.0,0.0,0.0,0.0,0.0,0.0,0.0,0.0,2,1.6234715
535,Jean-Ricner Bellegarde,MID,10,1,50,0.0,1.6666666666666667,0.0,4.1,0.0,4.666666666666667,0.0,0.0,0.0,0.0,0.0,0.0,2,1.5218393
536,Daniel Bentley,GK,10,0,40,0.0,0.0,0.0,0.0,0.0,0.0,0.0,0.0,0.0,0.0,0.0,0.0,2,2.575351
537,Francisco Jorge Tomás Oliveira,MID,10,0,45,0.0,0.0,0.0,0.0,0.0,0.0,0.0,0.0,0.0,0.0,0.0,0.0,2,1.388322
538,Tawanda Chirewa,MID,10,0,45,0.0,0.0,0.0,0.0,0.0,0.0,0.0,0.0,0.0,0.0,0.0,0.0,2,1.388322
539,Leon Chiwome,FWD,10,0,45,0.0,0.0,0.0,0.0,0.0,0.0,0.0,0.0,0.0,0.0,0.0,0.0,2,1.852597
540,Luke Cundle,MID,10,0,45,0.0,0.0,0.0,0.0,0.0,0.0,0.0,0.0,0.0,0.0,0.0,0.0,2,1.388322
541,Matheus Santos Carneiro Da Cunha,FWD,10,6,66,9.0,6.666666666666667,16.7,28.4,90.0,82.0,0.22,0.7000000000000002,0.33,0.79,0.0,0.0,2,3.4416804
542,Craig Dawson,DEF,10,1,44,4.0,1.3333333333333333,4.9,10.2,90.0,90.0,0.34,0.39,0.0,0.02,0.0,0.0,2,3.1437373
543,Matt Doherty,DEF,10,0,43,0.0,0.0,0.0,0.0,0.0,0.0,0.0,0.0,0.0,0.0,0.0,0.0,2,1.8390036
544,Tommy Doyle,MID,10,2,48,5.0,2.0,3.9,5.0,90.0,45.0,0.23,0.23,0.02,0.02,0.0,0.0,2,2.9073198
545,Fábio Silva,FWD,10,0,50,0.0,0.0,0.0,0.0,0.0,0.0,0.0,0.0,0.0,0.0,0.0,0.0,2,2.3870835
546,Nathan Fraser,FWD,10,0,45,0.0,0.0,0.0,0.0,0.0,0.0,0.0,0.0,0.0,0.0,0.0,0.0,2,1.852597
547,Enso González,MID,10,0,45,0.0,0.0,0.0,0.0,0.0,0.0,0.0,0.0,0.0,0.0,0.0,0.0,2,1.388322
548,Gonçalo Manuel Ganchinho Guedes,MID,10,3,53,1.0,1.0,0.4,4.1,1.0,11.0,0.0,0.04,0.0,0.07,0.0,0.0,2,1.6534574
549,Hugo Bueno López,DEF,10,0,45,0.0,0.0,0.0,0.0,0.0,0.0,0.0,0.0,0.0,0.0,0.0,0.0,2,1.924424
550,Hwang Hee-chan,MID,10,0,61,0.0,0.3333333333333333,0.0,0.2,0.0,11.0,0.0,0.0,0.0,0.01,0.0,0.0,2,2.2879424
551,Joe Hodge,MID,10,0,45,0.0,0.0,0.0,0.0,0.0,0.0,0.0,0.0,0.0,0.0,0.0,0.0,2,1.388322
552,Ki-Jana Hoever,DEF,10,0,40,0.0,0.0,0.0,0.0,0.0,0.0,0.0,0.0,0.0,0.0,0.0,0.0,2,1.5685748
553,João Victor Gomes da Silva,MID,10,10,49,2.0,1.6666666666666667,2.4,6.6000000000000005,90.0,85.0,0.03,0.05,0.01,0.04,0.0,0.0,2,2.6055791
554,José Malheiro de Sá,GK,10,2,43,2.0,1.3333333333333333,1.9,4.9,90.0,60.0,0.0,0.0,0.0,0.0,0.0,0.0,2,2.7344828
555,Saša Kalajdžić,FWD,10,0,48,0.0,0.0,0.0,0.0,0.0,0.0,0.0,0.0,0.0,0.0,0.0,0.0,2,2.1611583
556,Tom King,GK,10,0,40,0.0,0.0,0.0,0.0,0.0,0.0,0.0,0.0,0.0,0.0,0.0,0.0,2,2.575351
557,Mario Lemina,MID,10,1,50,1.0,1.6666666666666667,1.2,6.799999999999998,45.0,75.0,0.0,0.22,0.0,0.02,0.0,0.0,2,2.333519
558,Yerson Mosquera,DEF,10,0,40,0.0,0.0,0.0,0.0,0.0,0.0,0.0,0.0,0.0,0.0,0.0,0.0,2,1.5685748
559,Nélson Cabral Semedo,DEF,10,1,45,1.0,2.0,7.3,18.7,90.0,90.0,0.04,0.47,0.01,0.22,0.0,0.0,2,3.3880835
560,Pedro Lomba Neto,MID,10,2,62,5.0,2.0,11.0,18.5,90.0,45.333333333333336,0.18,0.2,0.27,0.4,0.0,0.0,3,3.3044221
561,Pedro Cardoso de Lima,DEF,10,0,40,0.0,0.0,0.0,0.0,0.0,0.0,0.0,0.0,0.0,0.0,0.0,0.0,2,1.5685748
562,Daniel Castelo Podence,MID,10,0,55,0.0,0.0,0.0,0.0,0.0,0.0,0.0,0.0,0.0,0.0,0.0,0.0,2,1.7445847
563,Rodrigo Martins Gomes,MID,10,0,52,1.0,0.3333333333333333,0.0,0.0,1.0,0.3333333333333333,0.0,0.0,0.0,0.0,0.0,0.0,2,1.6066626
564,Santiago Bueno,DEF,10,1,43,1.0,0.6666666666666666,4.7,7.1000000000000005,90.0,60.0,0.21,0.21,0.01,0.01,0.0,0.0,2,2.6572323
565,Pablo Sarabia,MID,10,2,51,1.0,0.0,5.1,5.1,45.0,15.0,0.0,0.0,0.36,0.36,0.0,0.0,2,2.4593084
566,Jørgen Strand Larsen,FWD,10,8,55,1.0,5.333333333333333,7.7,19.3,90.0,86.33333333333333,0.24,0.94,0.0,0.0,0.0,0.0,2,3.8816764
567,Toti António Gomes,DEF,10,2,43,0.0,0.0,1.1,5.3,45.0,75.0,0.0,0.01,0.0,0.01,0.0,0.0,2,2.4643874
568,Arijanet Muric,GK,10,2,44,2.0,2.3333333333333335,5.1,14.3,90.0,90.0,0.0,0.0,0.0,0.0,0.0,0.0,2,2.9341726
569,Jaden Philogene,MID,10,1,53,0.0,0.3333333333333333,0.0,1.3,0.0,39.666666666666664,0.0,0.16,0.0,0.03,0.0,1.0,4,1.5922137
570,Abdul Fatawu,MID,10,2,54,2.0,2.3333333333333335,4.2,12.7,90.0,43.0,0.01,0.21,0.09,0.43,0.0,0.0,2,4.183484
571,Sávio 'Savinho' Moreira de Oliveira,MID,10,0,65,6.0,2.3333333333333335,14.9,24.4,90.0,54.0,0.07,0.34,0.87,1.77,1.0,1.0,3,4.469936
572,Leny Yoro,DEF,10,0,43,0.0,0.0,0.0,0.0,0.0,0.0,0.0,0.0,0.0,0.0,0.0,0.0,4,1.4575268
573,Nikola Milenković,DEF,10,6,45,1.0,4.0,1.3,7.2,90.0,90.0,0.06,0.06,0.0,0.26,0.0,1.0,2,2.8711793
574,Miodrag Pivaš,DEF,10,0,40,0.0,0.0,0.0,0.0,0.0,0.0,0.0,0.0,0.0,0.0,0.0,0.0,5,0.9996138
575,Caleb Wiley,DEF,10,0,40,0.0,0.0,0.0,0.0,0.0,0.0,0.0,0.0,0.0,0.0,0.0,0.0,3,1.181404
576,Andy Irving,MID,10,1,48,0.0,0.0,0.0,0.0,0.0,0.0,0.0,0.0,0.0,0.0,0.0,0.0,2,1.6234715
577,Jesper Lindstrøm,MID,10,2,51,1.0,0.3333333333333333,1.0,1.0,22.0,7.333333333333333,0.02,0.02,0.0,0.0,0.0,0.0,2,1.7517589
578,Riccardo Calafiori,DEF,10,0,58,0.0,1.0,0.0,6.699999999999999,0.0,59.666666666666664,0.0,0.0,0.0,0.13,0.0,0.0,4,2.2111042
579,Ryan Sessegnon,DEF,10,0,43,0.0,0.0,0.0,0.0,0.0,0.0,0.0,0.0,0.0,0.0,0.0,0.0,2,1.8390036
580,Dean Huijsen,DEF,10,1,43,0.0,0.0,0.0,0.0,0.0,0.0,0.0,0.0,0.0,0.0,0.0,0.0,5,1.2810237
581,Filip Jørgensen,GK,10,0,43,0.0,0.0,0.0,0.0,0.0,0.0,0.0,0.0,0.0,0.0,0.0,0.0,3,2.161504
582,Jake O'Brien,DEF,10,0,47,0.0,0.0,0.0,0.0,0.0,0.0,0.0,0.0,0.0,0.0,0.0,0.0,2,2.3217435
583,Conor Townsend,DEF,10,0,40,1.0,0.3333333333333333,1.4,1.4,1.0,0.3333333333333333,0.0,0.0,0.0,0.0,0.0,0.0,2,1.6103625
584,Ben Brereton Díaz,MID,10,0,51,0.0,0.0,0.0,0.0,0.0,0.0,0.0,0.0,0.0,0.0,0.0,0.0,2,1.6066626
585,Ismaïla Sarr,MID,10,2,57,3.0,1.6666666666666667,7.4,10.0,66.0,57.333333333333336,0.12,0.1999999999999999,0.09,0.09,1.0,1.0,2,4.6292334
586,Jorge Cuenca Barreno,DEF,10,0,44,1.0,0.3333333333333333,0.4,0.4,1.0,0.3333333333333333,0.0,0.0,0.0,0.0,0.0,0.0,2,1.8849795
587,Crysencio Summerville,MID,10,1,57,7.0,3.0,12.1,12.9,45.0,27.0,0.53,0.53,0.17,0.19,0.0,0.0,2,3.548242
588,Guido Rodríguez,MID,10,0,49,2.0,2.0,1.4,5.499999999999999,90.0,76.0,0.0,0.0,0.01,0.02,0.0,0.0,2,2.5413465
589,Niclas Füllkrug,FWD,10,0,67,0.0,0.0,0.0,0.0,0.0,0.0,0.0,0.0,0.0,0.0,0.0,0.0,2,2.4923527
590,William Osula,FWD,10,0,50,1.0,0.6666666666666666,0.2,0.2,1.0,0.6666666666666666,0.0,0.0,0.0,0.0,0.0,0.0,5,1.7778043
591,Jean-Clair Todibo,DEF,10,1,44,1.0,1.0,1.2,7.2,45.0,75.0,0.0,0.0,0.0,0.01,0.0,0.0,2,2.4305577
592,Julián Araujo Zúñiga,DEF,10,0,44,0.0,0.3333333333333333,0.1,0.9999999999999998,29.0,24.666666666666668,0.0,0.0,0.0,0.01,0.0,0.0,5,1.4527514
593,Matthijs de Ligt,DEF,10,2,50,0.0,1.0,0.7,5.9,90.0,75.0,0.0,0.0,0.01,0.02,0.0,0.0,4,2.2775095
594,Noussair Mazraoui,DEF,10,2,45,2.0,1.3333333333333333,3.5,4.999999999999999,83.0,43.0,0.0,0.0,0.2,0.2,0.0,0.0,4,1.7107611
595,Brajan Gruda,MID,10,1,54,1.0,0.6666666666666666,0.4,0.8,18.0,7.0,0.0,0.0,0.0,0.0,0.0,0.0,5,1.4520855
596,João Pedro Ferreira Silva,MID,10,1,59,1.0,1.0,0.5,5.699999999999999,14.0,21.666666666666668,0.05,0.11,0.01,0.03,0.0,0.0,2,2.231346
597,Myles Lewis-Skelly,MID,10,0,45,1.0,0.3333333333333333,0.6,0.6,14.0,4.666666666666667,0.0,0.0,0.0,0.0,0.0,0.0,4,1.292918
598,Lamare Bogarde,DEF,10,0,40,0.0,0.0,0.0,0.0,0.0,0.0,0.0,0.0,0.0,0.0,0.0,0.0,4,1.176117
599,Will Dennis,GK,10,0,40,0.0,0.0,0.0,0.0,0.0,0.0,0.0,0.0,0.0,0.0,0.0,0.0,5,2.1494796
600,Yasin Ayari,MID,10,2,50,2.0,1.3333333333333333,6.5,11.1,90.0,57.0,0.05,0.05,0.13,0.18,0.0,1.0,5,2.0422454
601,Andrew Moran,MID,10,0,50,0.0,0.0,0.0,0.0,0.0,0.0,0.0,0.0,0.0,0.0,0.0,0.0,5,1.3671961
602,Ryan Trevitt,MID,10,0,45,0.0,0.0,0.0,0.0,0.0,0.0,0.0,0.0,0.0,0.0,0.0,0.0,3,1.2215458
603,Harrison Armstrong,MID,10,0,45,0.0,0.0,0.0,0.0,0.0,0.0,0.0,0.0,0.0,0.0,0.0,0.0,2,1.388322
604,Josh King,MID,10,0,45,0.0,0.0,0.0,0.0,0.0,0.0,0.0,0.0,0.0,0.0,0.0,0.0,2,1.388322
605,Martial Godo,MID,10,0,45,0.0,0.0,0.0,0.0,0.0,0.0,0.0,0.0,0.0,0.0,0.0,0.0,2,1.388322
606,Will Alves,MID,10,0,45,0.0,0.0,0.0,0.0,0.0,0.0,0.0,0.0,0.0,0.0,0.0,0.0,2,1.388322
607,Nico O'Reilly,MID,10,0,50,0.0,0.0,0.0,0.0,0.0,0.0,0.0,0.0,0.0,0.0,0.0,0.0,3,1.430607
608,Tyler Dibling,MID,10,0,46,1.0,1.0,0.5,6.700000000000001,45.0,70.66666666666667,0.0,0.1,0.0,0.03,0.0,0.0,2,2.3695064
609,Will Lankshear,FWD,10,0,45,0.0,0.0,0.0,0.0,0.0,0.0,0.0,0.0,0.0,0.0,0.0,0.0,3,1.4856977
610,Mikey Moore,MID,10,0,45,2.0,1.0,0.3,0.6,61.0,22.0,0.0,0.0,0.03,0.03,0.0,0.0,3,2.2027822
611,Sam Szmodics,MID,10,3,58,7.0,3.0,8.5,13.1,72.0,36.0,0.64,0.73,0.02,0.08,0.0,0.0,2,3.2223563
612,Wilson Odobert,MID,10,0,53,0.0,0.0,0.0,0.0,0.0,0.0,0.0,0.0,0.0,0.0,0.0,0.0,3,1.430607
613,Toby Collyer,MID,10,0,45,0.0,0.0,0.0,0.0,0.0,0.0,0.0,0.0,0.0,0.0,0.0,0.0,4,1.2162588
614,Jenson Metcalfe,MID,10,0,45,0.0,0.0,0.0,0.0,0.0,0.0,0.0,0.0,0.0,0.0,0.0,0.0,2,1.388322
615,Carl Rushworth,GK,10,0,40,0.0,0.0,0.0,0.0,0.0,0.0,0.0,0.0,0.0,0.0,0.0,0.0,5,2.1494796
616,Ben Nelson,DEF,10,0,40,0.0,0.0,0.0,0.0,0.0,0.0,0.0,0.0,0.0,0.0,0.0,0.0,2,1.5685748
617,Francisco Evanilson de Lima Barbosa,FWD,10,7,59,8.0,5.0,5.7,11.9,26.0,62.333333333333336,0.04,0.2,0.0,0.2,0.0,1.0,5,2.7235322
618,Georginio Rutter,MID,10,2,55,5.0,7.333333333333333,7.3,19.0,79.0,74.33333333333333,0.19,0.44,0.23,0.5,1.0,2.0,5,2.4140918
619,Jens Cajuste,MID,10,0,45,2.0,0.6666666666666666,1.8,1.8,90.0,30.0,0.0,0.0,0.11,0.11,0.0,0.0,2,2.5565238
620,Ramón Sosa,MID,10,1,55,1.0,0.6666666666666666,2.8,4.1000000000000005,14.0,6.666666666666667,0.02,0.06,0.05,0.11,0.0,0.0,2,1.6870478
621,João Félix Sequeira,MID,10,0,61,0.0,0.3333333333333333,0.0,2.2,0.0,3.0,0.0,0.05,0.0,0.02,0.0,0.0,3,1.8145819
622,Sander Berge,MID,10,2,50,2.0,2.0,3.0,5.4,90.0,77.66666666666667,0.0,0.0,0.02,0.04,0.0,0.0,2,2.6059184
623,Mateus Gonçalo Espanha Fernandes,MID,10,2,50,2.0,2.6666666666666665,3.9,10.0,90.0,76.66666666666667,0.0,0.17,0.05,0.07,0.0,0.0,2,2.7615538
624,Asmir Begovic,GK,10,0,40,0.0,0.0,0.0,0.0,0.0,0.0,0.0,0.0,0.0,0.0,0.0,0.0,2,2.575351
625,Ilkay Gündogan,MID,10,5,65,1.0,1.6666666666666667,0.3,14.200000000000005,4.0,60.666666666666664,0.0,0.8799999999999999,0.0,0.22,0.0,0.0,3,2.7015367
626,Issa Kaboré,DEF,10,0,45,0.0,0.0,0.0,0.0,0.0,0.0,0.0,0.0,0.0,0.0,0.0,0.0,3,1.5575248
627,Roman Dixon,DEF,10,0,40,0.0,0.0,0.0,0.0,0.0,0.0,0.0,0.0,0.0,0.0,0.0,0.0,2,1.5685748
628,Ferdi Kadioglu,DEF,10,6,45,6.0,4.0,1.0,6.8999999999999995,71.0,68.66666666666667,0.0,0.19,0.01,0.1699999999999999,1.0,2.0,5,1.5681056
629,Matt O'Riley,MID,10,0,55,0.0,0.0,0.0,0.0,0.0,0.0,0.0,0.0,0.0,0.0,0.0,0.0,5,1.4773127
630,Dara O'Shea,DEF,10,2,40,0.0,0.3333333333333333,2.1,6.6,90.0,80.66666666666667,0.0,0.1399999999999999,0.01,0.02,0.0,0.0,2,1.7574409
631,Jack Clarke,MID,10,1,55,1.0,1.3333333333333333,0.3,4.6,17.0,53.0,0.0,0.28,0.0,0.02,0.0,0.0,2,2.8123186
632,Chiedozie Ogbene,MID,10,0,50,1.0,0.6666666666666666,0.0,0.2999999999999997,34.0,17.0,0.0,0.0,0.0,0.0,0.0,0.0,2,2.214623
633,Mikel Merino,MID,10,1,60,8.0,3.6666666666666665,8.1,15.8,90.0,66.33333333333333,0.4,0.55,0.04,0.18,0.0,0.0,4,2.7315838
634,Gustavo Nunes Fernandes Gomes,MID,10,0,49,0.0,0.0,0.0,0.0,0.0,0.0,0.0,0.0,0.0,0.0,0.0,0.0,3,1.3925968
635,Bilal El Khannouss,MID,10,1,49,1.0,1.0,0.5,5.1,22.0,29.666666666666668,0.0,0.05,0.02,0.25,0.0,0.0,2,2.0007691
636,Federico Chiesa,MID,10,0,68,0.0,0.0,0.0,0.0,0.0,0.0,0.0,0.0,0.0,0.0,0.0,0.0,2,2.076571
637,Bastien Meupiyou,DEF,10,0,40,0.0,0.0,0.0,0.0,0.0,0.0,0.0,0.0,0.0,0.0,0.0,0.0,2,1.5685748
638,Salah-Eddine Oulad M'hand,MID,10,0,45,0.0,0.0,0.0,0.0,0.0,0.0,0.0,0.0,0.0,0.0,0.0,0.0,4,1.2162588
639,Tommy Setford,GK,10,0,45,0.0,0.0,0.0,0.0,0.0,0.0,0.0,0.0,0.0,0.0,0.0,0.0,4,2.697478
640,Sil Swinkels,DEF,10,0,40,0.0,0.0,0.0,0.0,0.0,0.0,0.0,0.0,0.0,0.0,0.0,0.0,4,1.176117
641,Oliwier Zych,GK,10,0,40,0.0,0.0,0.0,0.0,0.0,0.0,0.0,0.0,0.0,0.0,0.0,0.0,4,2.217933
642,André Trindade da Costa Neto,MID,10,0,50,1.0,1.0,0.0,5.4,1.0,34.0,0.0,0.01,0.0,0.01,0.0,0.0,2,1.7676283
643,Kaelan Casey,DEF,10,0,40,0.0,0.0,0.0,0.0,0.0,0.0,0.0,0.0,0.0,0.0,0.0,0.0,2,1.5685748
644,Franco Umeh-Chibueze,MID,10,0,45,0.0,0.0,0.0,0.0,0.0,0.0,0.0,0.0,0.0,0.0,0.0,0.0,2,1.388322
645,Justin Devenny,MID,10,0,45,0.0,0.0,0.0,0.0,0.0,0.0,0.0,0.0,0.0,0.0,0.0,0.0,2,1.388322
646,Asher Agbinone,MID,10,0,45,0.0,0.3333333333333333,0.0,1.1,0.0,0.6666666666666666,0.0,0.02,0.0,0.01,0.0,0.0,2,1.3613112
647,Kaden Rodney,MID,10,0,45,0.0,0.0,0.0,0.0,0.0,0.0,0.0,0.0,0.0,0.0,0.0,0.0,2,1.388322
648,Ethan Wheatley,FWD,10,0,45,0.0,0.0,0.0,0.0,0.0,0.0,0.0,0.0,0.0,0.0,0.0,0.0,4,1.4711201
649,Jayden Meghoma,DEF,10,0,40,0.0,0.0,0.0,0.0,0.0,0.0,0.0,0.0,0.0,0.0,0.0,0.0,3,1.181404
650,Maxence Lacroix,DEF,10,1,45,5.0,3.0,1.7,7.3,90.0,90.0,0.1,0.1,0.0,0.2,1.0,1.0,2,3.0167363
651,Orel Mangala,MID,10,2,50,1.0,1.0,1.5,2.4000000000000004,10.0,25.0,0.0,0.02,0.01,0.01,0.0,0.0,2,1.6547467
652,Manuel Ugarte,MID,10,1,49,0.0,0.3333333333333333,0.0,0.1999999999999999,0.0,0.6666666666666666,0.0,0.0,0.0,0.0,0.0,0.0,4,1.3731462
653,Felipe Rodrigues da Silva,DEF,10,0,45,1.0,1.0,0.9,1.9,18.0,12.666666666666666,0.0,0.0,0.0,0.0,0.0,0.0,2,1.9377484
654,Carlos Soler,MID,10,1,50,1.0,0.6666666666666666,2.0,3.4,45.0,31.333333333333332,0.0,0.04,0.03,0.04,0.0,0.0,2,2.3185985
655,Carlos Roberto Forbs Borges,MID,10,0,55,1.0,1.0,0.4,4.3999999999999995,49.0,46.333333333333336,0.0,0.0,0.01,0.08,0.0,0.0,2,2.957084
656,Kadan Young,MID,10,0,45,0.0,0.0,0.0,0.0,0.0,0.0,0.0,0.0,0.0,0.0,0.0,0.0,4,1.2162588
657,Maldini Kacurri,DEF,10,0,40,0.0,0.0,0.0,0.0,0.0,0.0,0.0,0.0,0.0,0.0,0.0,0.0,4,1.176117
658,Ayden Heaven,DEF,10,0,40,0.0,0.0,0.0,0.0,0.0,0.0,0.0,0.0,0.0,0.0,0.0,0.0,4,1.176117
659,Ismeal Kabia,MID,10,0,45,0.0,0.0,0.0,0.0,0.0,0.0,0.0,0.0,0.0,0.0,0.0,0.0,4,1.2162588
660,Vítezslav Jaros,GK,10,0,40,0.0,0.3333333333333333,0.0,0.9,0.0,3.6666666666666665,0.0,0.0,0.0,0.0,0.0,0.0,2,2.2627397
661,Tony Yogane,MID,10,0,45,0.0,0.0,0.0,0.0,0.0,0.0,0.0,0.0,0.0,0.0,0.0,0.0,3,1.2215458
662,Josh Nichols,DEF,10,0,40,0.0,0.0,0.0,0.0,0.0,0.0,0.0,0.0,0.0,0.0,0.0,0.0,4,1.176117
663,Imari Samuels,DEF,10,0,40,0.0,0.0,0.0,0.0,0.0,0.0,0.0,0.0,0.0,0.0,0.0,0.0,5,0.9996138
664,Alfie Pond,DEF,10,0,40,0.0,0.0,0.0,0.0,0.0,0.0,0.0,0.0,0.0,0.0,0.0,0.0,2,1.5685748
665,Nathan Butler-Oyedeji,FWD,10,0,45,0.0,0.0,0.0,0.0,0.0,0.0,0.0,0.0,0.0,0.0,0.0,0.0,4,1.4711201
666,Caleb Kporha,DEF,10,0,40,0.0,0.0,0.0,0.0,0.0,0.0,0.0,0.0,0.0,0.0,0.0,0.0,2,1.5685748
667,Jack Fletcher,MID,10,0,45,0.0,0.0,0.0,0.0,0.0,0.0,0.0,0.0,0.0,0.0,0.0,0.0,4,1.2162588
